set_id,time,channel,param_id,amplitude,duration,energy,rms,threshold,rise_time,signal_strength,counts,trai
16,9.9835894,3,4,0.09976159817060352,0.0032361000000000004,13949866.158729626,3.7211643922260393e-06,0.00017810493607935623,3.34e-05,7174.994251549456,111,1
17,9.9835902,1,2,0.09976159817060352,0.0065775,17906185.006688364,3.8109512006175523e-06,0.00017810493607935623,3.59e-05,8515.317518072892,223,2
18,9.983600599999999,5,6,0.0748466965568358,0.0043696,14548814.737237709,3.7311407042695407e-06,0.00017810493607935623,0.00010070000000000001,9151.407222976632,172,3
19,9.9836036,4,5,0.0559310389865616,0.003443,16405773.453909822,3.761069640400045e-06,0.00017810493607935623,0.000136,9987.144934707421,116,4
20,9.9836049,2,3,0.017399482216983266,0.0031703,2671578.027390151,3.7311407042695407e-06,0.00017810493607935623,0.00026869999999999997,5065.588964436329,124,5
21,9.983610299999999,7,8,0.05846104243753502,0.0036026000000000005,12468709.659027051,3.761069640400045e-06,0.00017810493607935623,0.0001708,9341.880238444435,142,6
22,9.9836174,8,9,0.018813665854741573,0.0037117,3283755.035295251,3.781022264487048e-06,0.00017810493607935623,0.0001985,5476.446575411489,140,7
23,9.9836186,6,7,0.017362947871120832,0.0030082000000000004,4140749.27621182,3.880785384922062e-06,0.00017810493607935623,0.00020720000000000002,6036.058026583759,106,8
55,21.785919099999997,3,4,0.09976159817060352,0.0026039,15631452.13648088,3.621401271791025e-06,0.00017810493607935623,3.35e-05,8100.141243292618,117,9
56,21.7859207,2,3,0.07043212976512525,0.0028043,10251981.9257117,3.7012117681390364e-06,0.00017810493607935623,6.57e-05,6177.752822791767,135,10
57,21.7859272,4,5,0.07016573349321169,0.0034292000000000003,14464448.318953412,3.6513302079215287e-06,0.00017810493607935623,8.92e-05,8471.836778559944,117,11
58,21.7859362,1,2,0.025898284423231523,0.0048754,4782643.402865067,3.7211643922260393e-06,0.00017810493607935623,0.00041180000000000003,6582.992365159542,176,12
59,21.7859367,6,7,0.031416492912869694,0.0030637000000000004,4740988.317509571,3.8009748885740504e-06,0.00017810493607935623,0.00019810000000000002,4912.631848067672,95,13
60,21.7859372,5,6,0.04050441144614966,0.0047404000000000005,10458546.288844692,3.6912354560955345e-06,0.00017810493607935623,0.000143,8953.714716863027,188,14
61,21.7859397,8,9,0.04836081807098349,0.0050555,12136590.174574655,3.771045952443546e-06,0.00017810493607935623,0.0001538,9197.356466270467,189,15
62,21.7859499,7,8,0.02967654469117137,0.0037148000000000003,4417939.335326819,3.6912354560955345e-06,0.00017810493607935623,0.000392,6133.4050015363455,155,16
84,31.894166,3,4,0.09976159817060352,0.0035401000000000005,25530008.951917768,3.631377583834526e-06,0.00017810493607935623,2.05e-05,10240.288962297547,132,17
85,31.8941742,1,2,0.08762915081545421,0.006585700000000001,24139662.541146796,3.6812591440520326e-06,0.00017810493607935623,8.39e-05,13234.862927330985,231,18
86,31.894176199999997,5,6,0.09017589917494792,0.0029406000000000002,40722823.28530711,3.66130651996503e-06,0.00017810493607935623,9.1e-05,16043.087386419105,124,19
87,31.8941768,4,5,0.07707985844767697,0.0040815,25247772.17788853,3.66130651996503e-06,0.00017810493607935623,0.0001156,12589.65668601693,140,20
88,31.894181099999997,2,3,0.022897901269279288,0.0032167000000000003,2672581.021076431,3.7111880801825374e-06,0.00017810493607935623,0.00011,4911.555302758198,125,21
89,31.894187199999998,7,8,0.04845824299328331,0.0034386000000000004,10918615.536888838,3.6812591440520326e-06,0.00017810493607935623,0.00017360000000000002,8633.644948445855,120,22
90,31.894190599999998,8,9,0.02434861925290003,0.00416,6945833.929296691,3.7411170163130417e-06,0.00017810493607935623,0.0004021,8016.129303564847,141,23
91,31.8941919,6,7,0.02206065584326522,0.0032942,4729202.408320287,3.8109512006175523e-06,0.00017810493607935623,0.00011280000000000002,6787.530493808076,116,24
94,32.4653552,2,3,0.0006256506728941489,0.0005399,1718.471552634391,4.0703353137485886e-06,0.00017810493607935623,0.0002763,83.25933226028924,30,25
95,32.4655948,1,2,0.0003272868483509538,0.00034420000000000007,685.678276695644,3.880785384922062e-06,0.00017810493607935623,0.0002743,50.813791075162335,9,26
96,32.4656783,3,4,0.0002374732481058083,9.44e-05,203.77735273763443,3.7111880801825374e-06,0.00017810493607935623,7.6e-05,23.66816525975195,3,27
97,32.465714,6,7,0.00033033137717282314,5.56e-05,268.4065313466681,4.080311625792091e-06,0.00017810493607935623,5.8e-06,23.588703063549286,3,28
98,32.465863,4,5,0.00019637210901057227,1.9000000000000002e-06,172.72689070148618,3.930666945139569e-06,0.00017810493607935623,9.000000000000001e-07,21.737629680743883,1,29
100,32.503993799999996,2,3,0.00019180531577776827,1.4000000000000001e-06,66.6019327264034,4.080311625792091e-06,0.00017810493607935623,1e-06,12.23626485663353,0,30
126,47.091886099999996,3,4,0.09976159817060352,0.0033176000000000004,35289008.27330283,3.621401271791025e-06,0.00017810493607935623,1.34e-05,13845.173999756285,138,31
127,47.0918961,4,5,0.09976159817060352,0.0043602,23433470.12504371,3.6413538958780273e-06,0.00017810493607935623,8.45e-05,11152.439470395118,153,32
128,47.0918995,2,3,0.050490465981881096,0.003168,8881074.414648399,3.7111880801825374e-06,0.00017810493607935623,0.0001184,7128.834326877182,116,33
129,47.0918996,1,2,0.08535641004992875,0.0054079,23974588.99022543,3.671282832008532e-06,0.00017810493607935623,0.0001185,12654.56116431298,159,34
130,47.0918998,5,6,0.07900247839868745,0.0044082,19828931.59446114,3.6812591440520326e-06,0.00017810493607935623,0.0001177,11252.00286216133,175,35
131,47.09191,8,9,0.04574709007740867,0.0036525,17698067.44139532,3.7311407042695407e-06,0.00017810493607935623,0.000285,11384.92454478399,134,36
132,47.091910299999995,6,7,0.029334035198711066,0.0028281000000000005,4345791.009821885,3.820927512661053e-06,0.00017810493607935623,0.00017920000000000002,5936.626158452643,103,37
133,47.0919111,7,8,0.028717518112282528,0.0037256000000000004,6584615.515752813,3.6812591440520326e-06,0.00017810493607935623,0.0003601,8073.622181461059,158,38
134,47.0967917,4,5,0.0001902830513668336,2.9e-06,195.74998700787015,3.6413538958780273e-06,0.00017810493607935623,1.4000000000000001e-06,24.295947055038912,0,39
137,47.6500068,1,2,0.0003714325162680592,0.0001563,757.9165040992499,3.671282832008532e-06,0.00017810493607935623,2.64e-05,46.74873650160679,7,40
138,47.6501514,5,6,0.0001902830513668336,2.4000000000000003e-06,107.7095199088532,3.671282832008532e-06,0.00017810493607935623,6.000000000000001e-07,16.228859649743733,0,41
139,47.6502163,7,8,0.00020398343106524562,3.3e-05,148.4973212667047,3.6912354560955345e-06,0.00017810493607935623,1.7400000000000003e-05,17.6847532215489,1,42
155,51.5501887,3,4,0.09976159817060352,0.0030757000000000002,42307427.61841407,3.6513302079215287e-06,0.00017810493607935623,1.9600000000000002e-05,12813.013045881124,134,43
156,51.550195599999995,4,5,0.06769357608985378,0.0034065,11555087.515620576,3.6812591440520326e-06,0.00017810493607935623,0.0001137,7864.684708999772,116,44
157,51.550197499999996,2,3,0.04918436311729915,0.0029627000000000004,9973070.467474362,3.7012117681390364e-06,0.00017810493607935623,5.55e-05,7509.980078888303,126,45
158,51.5502038,5,6,0.04170700033078806,0.0046883,15435581.670488013,3.66130651996503e-06,0.00017810493607935623,0.0001469,10766.739103613148,180,46
159,51.5502043,1,2,0.04145125990975103,0.0043701,6489721.010298056,3.6812591440520326e-06,0.00017810493607935623,0.0001429,7028.3112996993605,166,47
160,51.5502082,6,7,0.043824470126398174,0.0029075,5936970.032701926,3.8109512006175523e-06,0.00017810493607935623,0.0001635,6344.115607448531,109,48
161,51.5502092,8,9,0.023092751113878925,0.0032148000000000003,4412216.271725109,3.751093328356543e-06,0.00017810493607935623,0.00037020000000000005,5942.062468703198,129,49
162,51.5502153,7,8,0.022594970651503288,0.0032528,3593478.756562532,3.6912354560955345e-06,0.00017810493607935623,0.00041490000000000006,5799.35445338039,130,50
163,51.5539601,7,8,0.00019789437342150693,3.8900000000000004e-05,178.58221549565278,3.6912354560955345e-06,0.00017810493607935623,3.58e-05,20.537476510510512,1,51
316,130.2081363,3,4,0.09976159817060352,0.0032579,25814480.90317121,3.6413538958780273e-06,0.00017810493607935623,3.8e-05,11567.377054133925,133,52
317,130.20813909999998,5,6,0.09976159817060352,0.0050601000000000005,49069607.605044045,3.66130651996503e-06,0.00017810493607935623,7.810000000000001e-05,16069.618321912167,188,53
318,130.20814099999998,4,5,0.09212591988535522,0.004089300000000001,29827541.39402234,3.6413538958780273e-06,0.00017810493607935623,8.480000000000001e-05,11785.608863475194,133,54
319,130.2081443,1,2,0.07778010007670691,0.0040384,13117125.095876623,3.7111880801825374e-06,0.00017810493607935623,0.00011410000000000001,8988.890286834934,136,55
320,130.2081499,2,3,0.04153193992353057,0.0033231000000000003,8471072.661326766,3.7012117681390364e-06,0.00017810493607935623,0.00015810000000000002,8894.427089362927,131,56
321,130.2081503,7,8,0.04039024161532957,0.0036526,14607876.478380207,3.6812591440520326e-06,0.00017810493607935623,0.0001391,10877.608656751703,132,57
322,130.20815439999998,8,9,0.039184608201869316,0.0031982000000000004,10352583.922588883,3.7311407042695407e-06,0.00017810493607935623,0.0002703,8448.143039260034,122,58
323,130.20815779999998,6,7,0.024960569546095764,0.0030803000000000002,5804863.090837781,3.8009748885740504e-06,0.00017810493607935623,0.00017710000000000002,6841.099583257315,117,59
332,136.70842199999998,3,4,0.09976159817060352,0.0031414,22797156.027447015,3.6114249597475234e-06,0.00017810493607935623,3.25e-05,9963.529135339419,135,60
333,136.7084253,4,5,0.09708850186500224,0.0033435,15326967.232702613,3.671282832008532e-06,0.00017810493607935623,7.680000000000001e-05,8376.828001564583,114,61
334,136.7084286,5,6,0.07623195717078635,0.0032887000000000003,16231522.606713276,3.671282832008532e-06,0.00017810493607935623,8.35e-05,10960.069104709939,125,62
335,136.7084337,1,2,0.046826375544761344,0.0049109,9771800.412086278,3.7012117681390364e-06,0.00017810493607935623,0.00010290000000000001,8962.468649918259,161,63
336,136.7084341,2,3,0.03533632377102647,0.0028273,5006622.906027407,3.7111880801825374e-06,0.00017810493607935623,0.0001049,5311.996059162193,122,64
337,136.7084392,8,9,0.017047839138057356,0.0031794,4530850.057291399,3.751093328356543e-06,0.00017810493607935623,0.0004158,6657.940743274466,123,65
338,136.7084404,7,8,0.022782209174048253,0.0030759,4654019.315710682,3.6812591440520326e-06,0.00017810493607935623,0.0002992,5851.340387962757,108,66
339,136.7084408,6,7,0.025650155324249167,0.0030115,2644019.6955211246,3.8009748885740504e-06,0.00017810493607935623,0.0001674,4982.38808712497,102,67
359,145.17264079999998,4,5,0.09956674832600389,0.003353,18904789.15887223,3.6413538958780273e-06,0.00017810493607935623,6.54e-05,8412.07755358123,115,68
360,145.172641,3,4,0.09976159817060352,0.0033785,20388959.64312316,3.631377583834526e-06,0.00017810493607935623,6.94e-05,9916.331026417907,126,69
361,145.1726492,2,3,0.04728762166127455,0.0031528000000000003,7259680.453157905,3.7012117681390364e-06,0.00017810493607935623,9.49e-05,6428.806477051904,123,70
362,145.1726495,5,6,0.05950683808784714,0.0033442000000000003,32311086.566729482,3.671282832008532e-06,0.00017810493607935623,0.00011460000000000001,15474.284198980342,132,71
363,145.1726546,8,9,0.03689360026341264,0.0040417000000000005,16354349.867448043,3.7311407042695407e-06,0.00017810493607935623,0.00038930000000000003,10478.071516433261,135,72
364,145.1726549,6,7,0.03107246115599846,0.0028773,4214447.498867137,3.8109512006175523e-06,0.00017810493607935623,8.310000000000001e-05,5466.350005248007,103,73
365,145.1726553,1,2,0.061350300289489026,0.005808300000000001,21983804.771894187,3.7012117681390364e-06,0.00017810493607935623,0.00029240000000000006,13331.035932059214,202,74
366,145.1726612,7,8,0.02646913357733202,0.0034545,6697684.891158374,3.7012117681390364e-06,0.00017810493607935623,0.0004224,6961.750597850274,119,75
369,145.5803023,1,2,0.00030597514659786844,4.240000000000001e-05,268.5165562086386,3.7211643922260393e-06,0.00017810493607935623,2.68e-05,22.757546758440938,2,76
370,145.58114949999998,1,2,0.0005221366929505914,0.00011630000000000001,910.5290518165897,3.7211643922260393e-06,0.00017810493607935623,2.5e-05,45.904184270701826,5,77
372,145.6103193,1,2,0.00022681739722926566,0.0001272,221.11762321204816,7.382470912191069e-06,0.00017810493607935623,1.53e-05,23.402073460973675,1,78
427,171.21581809999998,5,6,0.09976159817060352,0.004133100000000001,29886051.984944988,3.671282832008532e-06,0.00017810493607935623,6.390000000000001e-05,13503.05179740215,171,79
428,171.2158215,4,5,0.05508465997408192,0.0034139,14296859.09581617,3.66130651996503e-06,0.00017810493607935623,0.00010640000000000001,8321.652923284046,101,80
429,171.2158221,3,4,0.06303849152121557,0.0026747000000000003,9132135.484052693,3.621401271791025e-06,0.00017810493607935623,8.14e-05,6328.41071116915,127,81
430,171.2158288,1,2,0.04990287191926031,0.0053915,12263108.721043544,3.671282832008532e-06,0.00017810493607935623,0.0001035,9366.487336321386,162,82
431,171.2158297,7,8,0.02199519847359503,0.0033338,3139335.090350907,3.6912354560955345e-06,0.00017810493607935623,0.000151,5309.452355525131,125,83
432,171.21583389999998,8,9,0.03670179494763487,0.004180400000000001,8315899.321745606,3.7311407042695407e-06,0.00017810493607935623,0.0001652,7665.695538159627,144,84
433,171.21583479999998,2,3,0.029198553666137883,0.0025375,3484817.9997006147,3.6912354560955345e-06,0.00017810493607935623,0.00014480000000000002,4975.841132844733,116,85
434,171.2158379,6,7,0.010549292367777255,0.003155,1110566.361121769,3.8109512006175523e-06,0.00017810493607935623,0.0003777,3271.5201171412823,102,86
455,181.0052628,4,5,0.09976159817060352,0.004321900000000001,29118558.828988243,3.66130651996503e-06,0.00017810493607935623,6.64e-05,12000.72307554016,131,87
456,181.0052657,3,4,0.09976159817060352,0.0029567000000000005,21072257.916507285,3.631377583834526e-06,0.00017810493607935623,4.740000000000001e-05,10563.978370755538,121,88
457,181.0052658,5,6,0.09976159817060352,0.005297100000000001,34175709.88483347,3.671282832008532e-06,0.00017810493607935623,7.44e-05,15022.874989448806,191,89
458,181.0052761,1,2,0.03921200896126613,0.0067051,11171646.31048796,3.6812591440520326e-06,0.00017810493607935623,0.00012,10988.473338644515,230,90
459,181.0052761,8,9,0.05281496373737833,0.004650400000000001,15620918.722883571,3.7311407042695407e-06,0.00017810493607935623,0.0002678,10470.294572602608,161,91
460,181.0052762,2,3,0.041352312723040276,0.0031657000000000005,6649654.706876285,3.6912354560955345e-06,0.00017810493607935623,0.0001554,6251.561938308261,111,92
461,181.0052773,7,8,0.024089834303041135,0.0038028000000000003,4567657.777210369,3.6912354560955345e-06,0.00017810493607935623,0.0002305,6561.4511075728615,138,93
462,181.00527879999999,6,7,0.01929165687977506,0.0030696000000000005,3137759.7899707663,3.8109512006175523e-06,0.00017810493607935623,0.0001619,5833.258323760194,108,94
465,181.518856,2,3,0.018321974450009677,0.0013258000000000002,602594.8599025417,3.6912354560955345e-06,0.00017810493607935623,5.58e-05,1328.8953240074857,102,95
466,181.51887159999998,3,4,0.00473728684682869,0.001319,71955.35654230081,3.621401271791025e-06,0.00017810493607935623,0.0001301,609.89458091417,95,96
467,181.51887879999998,4,5,0.0035468760774777786,0.0015537,66666.51055389742,3.6513302079215287e-06,0.00017810493607935623,2.5e-05,722.4934262919248,95,97
468,181.5188801,6,7,0.004696185707733454,0.0013843000000000002,75914.04773910342,3.7909985765305485e-06,0.00017810493607935623,0.0001251,612.7247746915646,59,98
469,181.51888739999998,8,9,0.005225933722738718,0.0014738000000000002,90170.6655888764,3.751093328356543e-06,0.00017810493607935623,0.0002245,692.7690847606655,93,99
470,181.5188875,1,2,0.0038376285799663003,0.0016423000000000002,69598.70742128197,3.7012117681390364e-06,0.00017810493607935623,0.0002105,703.0279282980027,86,100
471,181.5188915,5,6,0.001761259923451412,0.0013669,26773.897426669966,3.66130651996503e-06,0.00017810493607935623,0.00034020000000000003,445.29031597107183,75,101
472,181.5189054,7,8,0.0011797549184743685,0.0021703,27557.03863661353,3.671282832008532e-06,0.00017810493607935623,0.00044390000000000006,623.2807642192996,109,102
475,181.74194219999998,2,3,0.005699357954539399,0.0018452,78579.1743164304,3.7012117681390364e-06,0.00017810493607935623,9.97e-05,675.2618275559217,62,103
476,181.7419579,3,4,0.0017688712455060853,0.0014052000000000001,18200.241109286693,3.6812591440520326e-06,0.00017810493607935623,0.0001728,375.8701928701251,39,104
477,181.7419587,4,5,0.004796655158855141,0.0015673000000000002,121817.74749609207,3.751093328356543e-06,0.00017810493607935623,0.00017470000000000002,796.3512542658603,52,105
478,181.7419746,5,6,0.0026365619597388465,0.0014763000000000003,37776.8611705502,3.761069640400045e-06,0.00017810493607935623,0.0002274,517.7841951366244,46,106
479,181.7419981,7,8,0.003982243699005094,0.0019171000000000001,71726.08660515855,3.761069640400045e-06,0.00017810493607935623,0.00038740000000000004,696.422519068834,49,107
480,181.74202069999998,6,7,0.0029531929572132578,0.001472,67710.35080797403,3.850856448791558e-06,0.00017810493607935623,3.9300000000000007e-05,703.9729499723824,41,108
481,181.7420422,8,9,0.0025665377968358515,0.0013396,56289.35265272605,3.8109512006175523e-06,0.00017810493607935623,0.000103,613.7379938063633,46,109
482,181.7421397,1,2,0.0023442871928393903,0.0014042,55044.55120038222,3.8109512006175523e-06,0.00017810493607935623,0.00016620000000000003,627.1631470774466,43,110
490,187.8398178,4,5,0.09976159817060352,0.0040061,31279123.54303374,3.66130651996503e-06,0.00017810493607935623,1.88e-05,10839.729849844613,126,111
491,187.83982569999998,3,4,0.08325111836960611,0.0031355,16308214.848158505,3.631377583834526e-06,0.00017810493607935623,8.07e-05,9060.906783917553,119,112
492,187.839826,5,6,0.08352512596357435,0.0037673000000000003,17392998.508223705,3.66130651996503e-06,0.00017810493607935623,0.00010830000000000002,10015.904769581324,151,113
493,187.83983179999998,8,9,0.019544352771990212,0.0030304,4857545.337923855,3.7311407042695407e-06,0.00017810493607935623,0.00045390000000000003,6640.716018322887,124,114
494,187.839832,2,3,0.041853137714237786,0.0030132,6317326.722807784,3.6912354560955345e-06,0.00017810493607935623,0.0001054,6119.765513452517,119,115
495,187.8398334,6,7,0.0260246323693391,0.0027789,2408437.07571297,3.8009748885740504e-06,0.00017810493607935623,7.03e-05,4764.701857307055,106,116
496,187.8398384,7,8,0.021351280627769666,0.0033404,3935106.2444031104,3.6912354560955345e-06,0.00017810493607935623,0.00041220000000000004,6066.688419823444,134,117
497,187.8398387,1,2,0.04444098721282672,0.0058089000000000005,20474045.832004566,3.7012117681390364e-06,0.00017810493607935623,0.0001432,12323.239731585227,196,118
499,187.8430947,6,7,0.00021007248870898428,4.26e-05,211.94329232472464,3.8009748885740504e-06,0.00017810493607935623,2.0600000000000003e-05,22.805041404447127,1,119
500,187.8436439,7,8,0.00020855022429804962,2.0600000000000003e-05,158.81324120207248,3.6912354560955345e-06,0.00017810493607935623,3.5e-06,19.46519354106304,1,120
536,202.2301563,5,6,0.09976159817060352,0.004748,103119474.18448673,3.671282832008532e-06,0.00017810493607935623,1.1100000000000002e-05,22001.33213348462,239,121
537,202.2301674,7,8,0.04047244389352004,0.0039505,8967106.878889937,3.7012117681390364e-06,0.00017810493607935623,0.0001095,7738.168714530767,138,122
538,202.2301679,4,5,0.07731580943137183,0.0033301000000000003,25667961.514883786,3.631377583834526e-06,0.00017810493607935623,0.0001794,11891.548715920595,122,123
539,202.2301703,3,4,0.06356062821416615,0.002916,9596660.2955703,3.6114249597475234e-06,0.00017810493607935623,9.04e-05,7525.061455712423,131,124
540,202.2301743,1,2,0.05846865375958969,0.0064219,14690287.98678153,3.671282832008532e-06,0.00017810493607935623,0.00010880000000000002,11122.963562396815,225,125
541,202.23017829999998,8,9,0.05328077664712434,0.0043563000000000004,11753688.339308262,3.7311407042695407e-06,0.00017810493607935623,0.00015780000000000001,8751.446284278443,181,126
542,202.2301832,2,3,0.027782847763968638,0.0030395,2686384.3757961,3.7111880801825374e-06,0.00017810493607935623,0.00016510000000000003,4668.212221605451,125,127
543,202.23018499999998,6,7,0.025866316870601893,0.0030779,2306970.29788058,3.8009748885740504e-06,0.00017810493607935623,0.00013570000000000002,4331.005106207238,108,128
565,212.8193399,7,8,0.00017962720049029092,1.0000000000000001e-07,57.7850204302831,3.781022264487048e-06,0.00017810493607935623,1.0000000000000001e-07,10.63880070538683,0,129
568,213.18408069999998,7,8,0.0003759993095008632,0.0001204,491.59089790105486,3.671282832008532e-06,0.00017810493607935623,4.41e-05,34.7128016262045,4,130
571,214.17091119999998,7,8,0.09976159817060352,0.0035703,42644185.52858744,3.7012117681390364e-06,0.00017810493607935623,8.99e-05,14403.513751336453,141,131
572,214.1709161,5,6,0.09976159817060352,0.003652,96912996.79490626,3.66130651996503e-06,0.00017810493607935623,3.09e-05,23584.35060547682,137,132
573,214.1709335,4,5,0.044585602331865516,0.0040265,15851577.852656767,3.66130651996503e-06,0.00017810493607935623,0.00035,10365.387424254983,138,133
574,214.17093509999998,1,2,0.05866807039742213,0.006074400000000001,25554013.549336888,3.6912354560955345e-06,0.00017810493607935623,0.0003175,13685.66749348452,191,134
575,214.17093649999998,3,4,0.04487331030553217,0.0031996000000000004,5395310.0061118305,3.621401271791025e-06,0.00017810493607935623,0.00017860000000000003,5805.745527796813,129,135
576,214.17094,8,9,0.07224210214972658,0.004532,37646672.863548145,3.7211643922260393e-06,0.00017810493607935623,0.0002378,14033.825169315749,158,136
577,214.17094799999998,6,7,0.03080149809085209,0.0033903,8511590.65317407,3.7909985765305485e-06,0.00017810493607935623,0.0002456,7997.981477544738,114,137
578,214.1709507,2,3,0.018302185012667522,0.0030879,3109781.9287611605,3.7012117681390364e-06,0.00017810493607935623,0.0004844,5501.779793357189,122,138
605,229.65297669999998,5,6,0.09976159817060352,0.0058181000000000005,55929951.54661519,3.6812591440520326e-06,0.00017810493607935623,1.2800000000000001e-05,15285.474713934193,292,139
606,229.6529819,7,8,0.07554998271468762,0.0036894000000000002,16693850.77399355,3.6912354560955345e-06,0.00017810493607935623,4.15e-05,9961.2688773141,158,140
607,229.6529903,4,5,0.0615953848596495,0.0028278,15833518.728119224,3.6513302079215287e-06,0.00017810493607935623,0.0001177,8842.285274916747,112,141
608,229.6529965,8,9,0.03693622366691881,0.0028086000000000005,5681848.735559635,3.7311407042695407e-06,0.00017810493607935623,0.0001452,5546.283494476426,115,142
609,229.6529986,3,4,0.01719245425709615,0.0032192,2656133.2730238545,3.631377583834526e-06,0.00017810493607935623,0.0001206,5040.531276328037,127,143
610,229.6530022,1,2,0.020212626848390532,0.0029099,2686635.523903605,3.6912354560955345e-06,0.00017810493607935623,0.0002515,4814.037834204563,123,144
611,229.65300549999998,6,7,0.028575947522065603,0.0025437000000000003,4347016.476559817,3.8109512006175523e-06,0.00017810493607935623,0.0002046,5075.292485958825,94,145
612,229.6530106,2,3,0.01758824300393916,0.0029616000000000004,2177556.981164918,3.6812591440520326e-06,0.00017810493607935623,0.0002115,4294.139518414946,124,146
613,229.65625799999998,8,9,0.00018723852254496427,8.000000000000001e-07,137.2810883706635,3.7311407042695407e-06,0.00017810493607935623,3.0000000000000004e-07,18.730244339403136,0,147
645,240.93744239999998,4,5,0.09976159817060352,0.0031902000000000002,12175897.162530921,4.120216873966097e-06,0.00017810493607935623,2.7400000000000002e-05,5662.88163261019,117,148
646,240.9374436,8,9,0.08142592334089543,0.0041568,28347590.708967444,3.9605958812700735e-06,0.00017810493607935623,6.53e-05,11668.07544615854,152,149
647,240.93745109999998,5,6,0.04431463926671915,0.0042833,11993293.694978956,3.840880136748057e-06,0.00017810493607935623,0.0001206,9799.543518605838,171,150
648,240.9374516,6,7,0.05918259576831805,0.0025472000000000003,12629450.522463264,3.980548505357077e-06,0.00017810493607935623,6.220000000000001e-05,8094.685448059087,90,151
649,240.93745959999998,7,8,0.024745930264153976,0.0035979000000000002,3713840.7752132704,3.7909985765305485e-06,0.00017810493607935623,0.0001094,6066.376660095813,133,152
650,240.93746059999998,3,4,0.021859716941021845,0.0027728,2089325.2150341135,3.671282832008532e-06,0.00017810493607935623,8.99e-05,3865.742682684845,120,153
651,240.93746399999998,2,3,0.013808460471588381,0.002679,1149960.675356794,3.7411170163130417e-06,0.00017810493607935623,0.0002904,3247.8738724873792,119,154
652,240.9374718,1,2,0.02246101138334104,0.005077900000000001,4481770.060082945,3.7909985765305485e-06,0.00017810493607935623,0.00018140000000000002,6562.542266619568,177,155
654,240.9543589,8,9,0.00039274421802114453,0.0002893,669.450026666942,1.3557808067118463e-05,0.00017810493607935623,3.38e-05,51.631551454474064,9,156
655,240.9543592,4,5,0.00044754573681479265,0.00020720000000000002,631.8534097639515,6.364887083753922e-06,0.00017810493607935623,5.2300000000000004e-05,39.111232080380425,8,157
656,240.95439349999998,6,7,0.00029684156013226045,0.0001002,203.5176310331346,7.123086799060032e-06,0.00017810493607935623,4.800000000000001e-06,21.912385621817947,4,158
657,240.9544364,5,6,0.00024204004133861234,1.38e-05,159.2198790028008,1.3527879130987959e-05,0.00017810493607935623,1.25e-05,19.78852247733596,1,159
658,240.9545015,7,8,0.00019332758018870294,1.7000000000000002e-06,91.22970503146732,7.18294467132104e-06,0.00017810493607935623,1.1e-06,14.581769682477741,0,160
659,240.95455009999998,1,2,0.00018114946490122559,1e-06,184.91684826054336,3.7909985765305485e-06,0.00017810493607935623,5e-07,21.21305740466268,0,161
661,240.9663119,4,5,0.0002192060751745923,2.95e-05,110.97124262821252,6.364887083753922e-06,0.00017810493607935623,1.55e-05,14.554064472307463,1,162
670,248.0531907,8,9,0.09976159817060352,0.005649,101684841.96999612,3.761069640400045e-06,0.00017810493607935623,1.0600000000000002e-05,22776.85394094817,277,163
671,248.0531955,6,7,0.09976159817060352,0.0033628,23758899.515043877,3.8109512006175523e-06,0.00017810493607935623,3.24e-05,9560.618657343102,106,164
672,248.0531977,4,5,0.061230041401025184,0.0030403,9424262.875847396,3.66130651996503e-06,0.00017810493607935623,9.510000000000001e-05,6437.565585805738,122,165
673,248.0532113,5,6,0.03048943388661048,0.0045898,5093898.676792077,3.6812591440520326e-06,0.00017810493607935623,0.000139,6954.697034012636,186,166
674,248.0532146,2,3,0.02163594407261445,0.002509,1836534.014222563,3.7012117681390364e-06,0.00017810493607935623,0.0001295,3598.54511112263,127,167
675,248.05321569999998,3,4,0.012987959954094595,0.0028602000000000002,1223693.3366281318,3.6413538958780273e-06,0.00017810493607935623,0.00010310000000000001,3203.798840993634,114,168
676,248.0532192,7,8,0.024695695538593132,0.0033385,4390848.370533134,3.6912354560955345e-06,0.00017810493607935623,0.0001683,6208.578065861222,120,169
677,248.0532295,1,2,0.019521518805826192,0.003177,2398722.4087427733,3.7111880801825374e-06,0.00017810493607935623,0.0003906,4493.178619523968,123,170
696,255.85925459999999,1,2,0.09976159817060352,0.005107700000000001,17270090.45902281,3.761069640400045e-06,0.00017810493607935623,1.6e-05,7273.6662053444725,159,171
697,255.8592684,3,4,0.030472688978090197,0.0026918000000000003,3768163.1806884357,3.631377583834526e-06,0.00017810493607935623,0.0001399,4526.127725737904,103,172
698,255.8592803,5,6,0.025128018631298578,0.002959,6381897.034129927,3.66130651996503e-06,0.00017810493607935623,0.0002971,7035.014133843414,117,173
699,255.85928339999998,2,3,0.022741108034953016,0.0029034,2621987.7610108936,3.6912354560955345e-06,0.00017810493607935623,0.0001934,4246.128520359866,101,174
700,255.8592856,4,5,0.029493872961859208,0.0034531,7461669.121981872,3.6513302079215287e-06,0.00017810493607935623,0.000194,7484.649601018335,125,175
701,255.8592874,7,8,0.01783789436733245,0.00375,3227804.83404782,3.6912354560955345e-06,0.00017810493607935623,0.00037970000000000007,5850.5609886436805,145,176
702,255.85929929999998,8,9,0.019261211591556363,0.0031165,3435405.416336191,3.761069640400045e-06,0.00017810493607935623,0.0004798,5001.05470081684,125,177
703,255.8592999,6,7,0.009244711767606245,0.0026782000000000004,705533.1226595917,3.8009748885740504e-06,0.00017810493607935623,0.0003045,2628.9528732091608,108,178
721,262.6434605,2,3,0.09976159817060352,0.0037622000000000003,47540126.34362692,3.7111880801825374e-06,0.00017810493607935623,1.3100000000000002e-05,13791.626830912895,165,179
722,262.6434731,3,4,0.03990920606147422,0.0032075,5049880.367519009,3.6413538958780273e-06,0.00017810493607935623,9.790000000000001e-05,5695.92816373901,123,180
723,262.6434816,4,5,0.04402845355746343,0.0036902000000000003,14870586.1311154,3.66130651996503e-06,0.00017810493607935623,0.00032140000000000006,9614.747940052928,144,181
724,262.6434863,6,7,0.022124590948524477,0.0030203,3594601.8043357744,3.7909985765305485e-06,0.00017810493607935623,0.000205,5703.410397202139,99,182
725,262.6434886,1,2,0.04546090436815295,0.0052096,13788802.089892397,3.7111880801825374e-06,0.00017810493607935623,0.00017360000000000002,11386.808499075567,186,183
726,262.6434914,8,9,0.018510735236965573,0.0037631000000000006,3580543.584948478,3.771045952443546e-06,0.00017810493607935623,0.00026210000000000003,5611.519217483084,134,184
727,262.6434934,5,6,0.03311533999547279,0.0035122000000000005,12111305.589993328,3.6812591440520326e-06,0.00017810493607935623,0.0006645,9706.872939567706,133,185
728,262.6435052,7,8,0.02413702449978011,0.0040022,4895314.368512821,3.7012117681390364e-06,0.00017810493607935623,0.0005084,7167.43407815442,159,186
729,262.64919729999997,1,2,0.00018419399372309494,2.1000000000000002e-06,258.3462546878922,3.7111880801825374e-06,0.00017810493607935623,3.0000000000000004e-07,28.07603375255731,1,187
749,271.0631469,3,4,0.08859426645198679,0.0028785,11143708.813850123,3.6413538958780273e-06,0.00017810493607935623,3.3700000000000006e-05,6718.149340673083,101,188
750,271.0631476,1,2,0.09976159817060352,0.0064363,24472611.181857392,3.7111880801825374e-06,0.00017810493607935623,3.57e-05,10765.764854464303,219,189
751,271.06315839999996,5,6,0.0683314048780354,0.0048661,22470644.504462376,3.6812591440520326e-06,0.00017810493607935623,0.0001004,12582.4277573325,196,190
752,271.0631613,4,5,0.061939416616520734,0.0036639,38228075.41711845,3.6912354560955345e-06,0.00017810493607935623,0.0001359,15990.351279992128,139,191
753,271.0631626,2,3,0.020628205032575696,0.0029363,2409956.113623972,3.7211643922260393e-06,0.00017810493607935623,0.00026890000000000003,5107.773952581315,123,192
754,271.0631692,7,8,0.0662322022553565,0.0032329,13496390.250367852,3.7012117681390364e-06,0.00017810493607935623,0.00016960000000000003,8558.856712534774,127,193
755,271.0631752,8,9,0.022675650665282824,0.0036,4832391.801388066,3.7411170163130417e-06,0.00017810493607935623,0.00021070000000000003,6525.228524218806,136,194
756,271.063177,6,7,0.020877856395968983,0.0028524,3767751.2446390884,3.8109512006175523e-06,0.00017810493607935623,0.0002068,5789.982176568502,107,195
757,271.06724529999997,8,9,0.00019789437342150693,1.67e-05,236.74875431841315,3.7411170163130417e-06,0.00017810493607935623,2.3000000000000004e-06,26.199690782453743,1,196
758,271.06743109999996,4,5,0.00021616154635272297,2.95e-05,359.59359826818894,3.6912354560955345e-06,0.00017810493607935623,1.45e-05,34.055792356452194,2,197
765,275.6953799,3,4,0.09976159817060352,0.0034888000000000002,18121124.49605427,3.631377583834526e-06,0.00017810493607935623,3.33e-05,9737.766380077579,141,198
766,275.69538159999996,2,3,0.07156317222244972,0.0028047000000000002,9992626.811075132,3.6912354560955345e-06,0.00017810493607935623,6.64e-05,6318.351588707326,120,199
767,275.6953881,4,5,0.07024641350699123,0.003137,21941261.38232361,3.66130651996503e-06,0.00017810493607935623,8.94e-05,11319.713178006052,119,200
768,275.69539599999996,1,2,0.04725413184423399,0.0057805,15788515.141850706,3.7311407042695407e-06,0.00017810493607935623,0.000427,10740.434376594334,191,201
769,275.6953975,6,7,0.02797617534415734,0.0031219,4544919.933567189,3.8109512006175523e-06,0.00017810493607935623,9.42e-05,5662.599100357024,94,202
770,275.6953982,5,6,0.04488853294964151,0.0037363,34971508.607760645,3.66130651996503e-06,0.00017810493607935623,0.0003765,16825.287671797993,145,203
771,275.6954005,8,9,0.048111166707590206,0.0035455,19814417.81022733,3.761069640400045e-06,0.00017810493607935623,0.00024270000000000002,11003.76905028138,139,204
772,275.6954109,7,8,0.030465077656035525,0.0032563,5126188.3528343355,3.7012117681390364e-06,0.00017810493607935623,0.00039210000000000004,6021.161757097919,128,205
773,275.6995361,5,6,0.00020855022429804962,0.0001973,422.72534499421226,3.66130651996503e-06,0.00017810493607935623,1.9000000000000002e-06,43.54406570762494,1,206
791,281.7197677,3,4,0.09976159817060352,0.0034201000000000006,36298702.12256153,3.671282832008532e-06,0.00017810493607935623,2.0600000000000003e-05,11275.258189344257,139,207
792,281.7197758,1,2,0.07748173625216372,0.006428400000000001,24231048.81294722,3.7111880801825374e-06,0.00017810493607935623,9.99e-05,13288.512392335004,223,208
793,281.71977799999996,5,6,0.06914429407347453,0.0031702,14467661.799802879,3.66130651996503e-06,0.00017810493607935623,9.11e-05,8281.975104433039,123,209
794,281.7197783,4,5,0.05734978941755271,0.0036595,12133228.94043894,3.6812591440520326e-06,0.00017810493607935623,0.00011570000000000001,8943.60718639662,120,210
795,281.7197826,2,3,0.02116708663404657,0.0032312000000000005,1831279.3617737396,3.6912354560955345e-06,0.00017810493607935623,0.0001594,4176.333311336614,125,211
796,281.71978939999997,7,8,0.03926528821564885,0.0034782000000000003,11449191.855760865,3.7211643922260393e-06,0.00017810493607935623,0.00017410000000000003,9502.826197833621,120,212
797,281.7197921,8,9,0.01951695201259339,0.004031,3425394.4211756573,3.751093328356543e-06,0.00017810493607935623,0.0003993,5715.569026579725,138,213
798,281.71979319999997,6,7,0.02054752501879616,0.0029919,4148741.9745628345,3.820927512661053e-06,0.00017810493607935623,0.0002991,6064.973741321476,112,214
800,281.79025659999996,3,4,0.09976159817060352,0.0034157000000000002,39313124.047454104,4.638985100228173e-06,0.00017810493607935623,2.0200000000000003e-05,11936.28136558981,144,215
801,281.7902651,1,2,0.08745865720142952,0.0069733,31129186.034698144,8.539723109237237e-06,0.00017810493607935623,8.410000000000001e-05,14711.61030216718,237,216
802,281.7902668,5,6,0.09196608212220708,0.0029265,37428547.19655378,6.135431906753388e-06,0.00017810493607935623,9.09e-05,16296.942615887889,133,217
803,281.7902674,4,5,0.07669320328729955,0.0031916,21886951.29221766,4.8584639651852035e-06,0.00017810493607935623,0.0001147,12186.424705801495,137,218
804,281.7902717,2,3,0.02400763202485066,0.0028409,2489526.86499467,4.479364107532149e-06,0.00017810493607935623,0.00010960000000000001,4633.97710651504,122,219
805,281.7902778,7,8,0.04689335517884247,0.0034548,11579980.31751868,4.968203397663719e-06,0.00017810493607935623,0.0001732,9156.529337876684,119,220
806,281.7902812,8,9,0.020657128056383454,0.0041608,4816360.08560952,6.394816019884426e-06,0.00017810493607935623,0.00040290000000000004,6862.718171870185,151,221
807,281.7902825,6,7,0.02058405936465859,0.0030753,4058179.04429471,5.437090063708287e-06,0.00017810493607935623,0.0001117,6298.705854620868,117,222
808,281.7943347,4,5,0.00018267172931216028,5e-07,186.70162392797533,4.8584639651852035e-06,0.00017810493607935623,2.0000000000000002e-07,22.88328578921374,0,223
812,283.4725241,6,7,0.005795260612428283,0.0006868000000000001,23701.62213282763,3.781022264487048e-06,0.00017810493607935623,1.0300000000000001e-05,215.79131522341171,27,224
813,283.472566,8,9,0.0012102002066930618,0.0006104,6257.791475443642,3.7411170163130417e-06,0.00017810493607935623,6.26e-05,167.62200168164537,41,225
814,283.4725687,4,5,0.001654701414685985,0.0008921000000000001,15532.284844523952,3.6812591440520326e-06,0.00017810493607935623,7.02e-05,262.70141174029595,34,226
815,283.4725835,2,3,0.0010792854673526801,0.0003666,4739.019033022053,3.7111880801825374e-06,0.00017810493607935623,8.030000000000001e-05,115.74688793996008,37,227
816,283.4726204,3,4,0.0005784604761551741,0.00028660000000000003,1361.0955995411337,3.631377583834526e-06,0.00017810493607935623,8.290000000000001e-05,66.24041744140405,11,228
817,283.4726996,5,6,0.0003759993095008632,0.000531,1450.5410850544292,3.66130651996503e-06,0.00017810493607935623,0.0003222,94.03209222364225,12,229
818,283.4727076,7,8,0.00035620987215871246,0.0003641,951.4160331258382,3.6812591440520326e-06,0.00017810493607935623,0.0002519,64.97084901931548,10,230
819,283.4727449,1,2,0.0006682740764003196,0.0005316,3074.0245686486605,3.7311407042695407e-06,0.00017810493607935623,0.0003691,120.92015092032675,16,231
821,283.5345579,6,7,0.00026639627191356704,0.0001002,274.74820866885415,4.34967205096663e-06,0.00017810493607935623,1.4000000000000001e-06,27.74478904195003,2,232
883,315.49096729999997,3,4,0.09976159817060352,0.0034214000000000002,67033356.31108154,3.6114249597475234e-06,0.00017810493607935623,1.38e-05,19607.97218944914,145,233
884,315.4909772,4,5,0.09976159817060352,0.0039056000000000004,20103256.761150684,3.6413538958780273e-06,0.00017810493607935623,8.45e-05,9038.538023460073,122,234
885,315.4909805,2,3,0.06388943732692805,0.003601,15922955.549568579,3.671282832008532e-06,0.00017810493607935623,0.0001194,9833.291509121827,155,235
886,315.4909806,1,2,0.09976159817060352,0.0045152,35019748.89373948,3.6912354560955345e-06,0.00017810493607935623,0.0001182,13912.277845505854,151,236
887,315.4909813,5,6,0.09976159817060352,0.0049117,31656613.386034884,3.6812591440520326e-06,0.00017810493607935623,0.00011710000000000001,14235.260923330932,193,237
888,315.4909911,6,7,0.04133100102128719,0.0031477000000000002,8941319.112703979,3.7909985765305485e-06,0.00017810493607935623,0.000132,9074.078632409935,119,238
889,315.4909911,8,9,0.0446464929083029,0.0048347,15835171.02829135,3.751093328356543e-06,0.00017810493607935623,0.000272,12210.693252099221,182,239
890,315.4909927,7,8,0.038490455630483096,0.0046033,14844410.537579756,3.6912354560955345e-06,0.00017810493607935623,0.0001904,13848.055341613996,175,240
891,315.4959697,1,2,0.00018114946490122559,4.0000000000000003e-07,188.90953649085407,3.6912354560955345e-06,0.00017810493607935623,1.0000000000000001e-07,21.919388037575267,0,241
909,321.3741228,3,4,0.09976159817060352,0.0053045,78039084.77229941,3.631377583834526e-06,0.00017810493607935623,1.8900000000000002e-05,25094.319876288628,327,242
910,321.37412989999996,4,5,0.08873279251338186,0.004134400000000001,18311467.40196562,3.671282832008532e-06,0.00017810493607935623,8.1e-05,9329.361136881778,171,243
911,321.3741316,2,3,0.0748908422247529,0.0040867,14110257.066356175,3.6912354560955345e-06,0.00017810493607935623,8.480000000000001e-05,9206.410894297545,200,244
912,321.3741377,5,6,0.0694852813015239,0.0048796,31978891.316951074,3.671282832008532e-06,0.00017810493607935623,0.0001035,15363.529120116777,213,245
913,321.3741394,1,2,0.0604445529649829,0.005027,10264963.368944202,3.7111880801825374e-06,0.00017810493607935623,0.00010790000000000001,8584.596375047257,236,246
914,321.3741425,6,7,0.0469999136876079,0.0039372,8404657.46498362,3.820927512661053e-06,0.00017810493607935623,0.000163,8042.69951347672,127,247
915,321.3741435,8,9,0.03547789436124339,0.0044398,8969718.591409251,3.7311407042695407e-06,0.00017810493607935623,0.0003863,8370.3200172503,165,248
916,321.37415039999996,7,8,0.03317623057191017,0.0041965,9003090.9877296,3.6912354560955345e-06,0.00017810493607935623,0.00039690000000000005,8828.889349120129,146,249
922,325.24632729999996,3,4,0.09976159817060352,0.0029776000000000004,23555078.7174091,3.631377583834526e-06,0.00017810493607935623,3.76e-05,10099.345555745585,126,250
923,325.2463304,5,6,0.09976159817060352,0.0040135,29565758.956299838,3.66130651996503e-06,0.00017810493607935623,7.85e-05,11759.805874768037,163,251
924,325.246332,4,5,0.08855925437053529,0.0038958,22101841.615022838,3.6513302079215287e-06,0.00017810493607935623,8.530000000000001e-05,10427.763726009782,121,252
925,325.24633439999997,1,2,0.07152663787658728,0.0045681,11799431.016799187,3.6912354560955345e-06,0.00017810493607935623,0.0001147,8608.061165797188,147,253
926,325.2463408,2,3,0.030469644449268328,0.0030377000000000004,4918813.14892135,3.6912354560955345e-06,0.00017810493607935623,0.000158,6372.139884215056,132,254
927,325.2463418,7,8,0.03280327579123118,0.0036504000000000003,10407154.521906683,3.6912354560955345e-06,0.00017810493607935623,0.00015270000000000003,9375.131361894513,128,255
928,325.2463454,8,9,0.02585109422649255,0.0029488,5840814.745031217,3.751093328356543e-06,0.00017810493607935623,0.0002867,6516.931574904956,122,256
929,325.24634879999996,6,7,0.024517590602513777,0.0030668,3900220.422830095,3.8009748885740504e-06,0.00017810493607935623,0.00017710000000000002,5533.792402576798,110,257
935,329.1494899,3,4,0.09976159817060352,0.0031253,24995839.06347816,3.6413538958780273e-06,0.00017810493607935623,2.6300000000000002e-05,9277.969494280207,134,258
936,329.149493,4,5,0.09976159817060352,0.0033433,16402632.868656185,3.6812591440520326e-06,0.00017810493607935623,7.670000000000001e-05,7350.359098341547,108,259
937,329.1494963,5,6,0.09976159817060352,0.0037695,21711813.501147125,3.66130651996503e-06,0.00017810493607935623,8.35e-05,11678.519397034159,133,260
938,329.1495015,1,2,0.06085404209152432,0.0055142,21760730.08372078,3.7012117681390364e-06,0.00017810493607935623,0.00010330000000000002,12128.734542452641,170,261
939,329.14950189999996,2,3,0.047695588523405046,0.0027498,7453696.166188061,3.7012117681390364e-06,0.00017810493607935623,0.000105,6436.04575713354,119,262
940,329.1495068,8,9,0.026867966852996906,0.00399,6189634.900130602,3.761069640400045e-06,0.00017810493607935623,0.0004295,7238.515296054146,140,263
941,329.1495078,7,8,0.028684028295241967,0.0033557,8493509.318259673,3.6812591440520326e-06,0.00017810493607935623,0.0004914,8128.355498643168,115,264
942,329.14950819999996,6,7,0.03272411804186257,0.0030302000000000003,4084367.570154482,3.7909985765305485e-06,0.00017810493607935623,0.00016720000000000003,6166.061833005629,107,265
944,329.3025267,3,4,0.00018419399372309494,3.0000000000000004e-07,56.802490070647735,3.890761696965564e-06,0.00017810493607935623,1.0000000000000001e-07,10.281373048904339,0,266
959,332.5480392,4,5,0.09976159817060352,0.0032891000000000005,17415754.48678196,3.6513302079215287e-06,0.00017810493607935623,3.15e-05,7961.9829714949165,103,267
960,332.5480394,3,4,0.09976159817060352,0.0033777000000000004,21346994.512038056,3.631377583834526e-06,0.00017810493607935623,3.71e-05,10352.449395558322,118,268
961,332.5480474,2,3,0.05477259576984032,0.0032663,8782745.066107979,3.6912354560955345e-06,0.00017810493607935623,9.480000000000001e-05,7154.710384270505,119,269
962,332.5480475,5,6,0.06769357608985378,0.0035143,17435290.838670656,3.671282832008532e-06,0.00017810493607935623,0.0001149,9922.786035934723,135,270
963,332.54805319999997,8,9,0.032250693810061896,0.0031883000000000002,8883742.32938735,3.7311407042695407e-06,0.00017810493607935623,0.00026510000000000005,7867.753593818633,116,271
964,332.54805419999997,1,2,0.04992113909219153,0.005820700000000001,13792168.164380506,3.7012117681390364e-06,0.00017810493607935623,0.0001374,10585.606701859895,208,272
965,332.5480543,6,7,0.0361416016444109,0.0029281000000000003,7161767.196584869,3.8109512006175523e-06,0.00017810493607935623,8.180000000000001e-05,6996.6092323959465,103,273
966,332.5480593,7,8,0.03257341386518004,0.0033434000000000003,6679695.950062102,3.6812591440520326e-06,0.00017810493607935623,0.0003591,6908.274062070175,109,274
972,336.0360052,5,6,0.09976159817060352,0.005491,38075204.240715295,3.671282832008532e-06,0.00017810493607935623,6.37e-05,14903.206139779028,217,275
973,336.0360085,4,5,0.08609014149599925,0.0031761000000000003,19406763.64153531,3.671282832008532e-06,0.00017810493607935623,8.14e-05,9907.10062463832,111,276
974,336.0360096,3,4,0.08723031753978933,0.0029212,15558927.093263883,3.631377583834526e-06,0.00017810493607935623,8.080000000000001e-05,8516.574299474903,127,277
975,336.0360159,1,2,0.06214492231199692,0.0045851,14120053.076458696,3.7012117681390364e-06,0.00017810493607935623,0.0001035,10380.663650908873,143,278
976,336.0360167,7,8,0.028755574722555896,0.0036937000000000003,6122314.298724155,3.6812591440520326e-06,0.00017810493607935623,0.000151,7483.558441971628,125,279
977,336.036021,8,9,0.04360221952240172,0.0049801,10285018.81720476,3.7411170163130417e-06,0.00017810493607935623,0.0001225,9118.972033188711,179,280
978,336.0360217,2,3,0.036770296846126926,0.0030838000000000003,6706510.234306512,3.7111880801825374e-06,0.00017810493607935623,0.0001446,7753.6982459633555,127,281
979,336.0360249,6,7,0.017008260263373053,0.0029822000000000004,3202882.13356549,3.8009748885740504e-06,0.00017810493607935623,0.0003563,5285.574422245519,109,282
980,336.0396382,4,5,0.00018723852254496427,1.1e-06,180.03571158710957,3.671282832008532e-06,0.00017810493607935623,5e-07,21.336056359704358,1,283
998,343.0133668,4,5,0.09899437690749245,0.0036591,15252998.348886847,3.7211643922260393e-06,0.00017810493607935623,6.66e-05,7690.574207986819,114,284
999,343.0133695,3,4,0.08878607176776455,0.0029729,16973519.70307405,3.6513302079215287e-06,0.00017810493607935623,4.740000000000001e-05,9141.623325899356,114,285
1000,343.0133696,5,6,0.09678861577604811,0.0045104,20916061.66753484,3.6812591440520326e-06,0.00017810493607935623,7.5e-05,10526.625658388823,168,286
1001,343.0133801,1,2,0.035202364502864215,0.0059125,7143824.095164451,3.7211643922260393e-06,0.00017810493607935623,0.0001336,8353.60190185612,212,287
1002,343.0133802,8,9,0.03257341386518004,0.004148,6051222.195580428,3.751093328356543e-06,0.00017810493607935623,0.0002677,6780.111586539622,156,288
1003,343.0133805,2,3,0.033030093188460445,0.002559,3624520.302413741,3.7012117681390364e-06,0.00017810493607935623,0.0001112,4675.905136447019,121,289
1004,343.0133813,7,8,0.02354943043715933,0.0034127000000000003,3549097.0845749676,3.6812591440520326e-06,0.00017810493607935623,0.0002309,5317.651575471238,128,290
1005,343.0133839,6,7,0.015717380042900454,0.0029856000000000006,2533305.54215758,3.7909985765305485e-06,0.00017810493607935623,0.0001605,5285.70351025774,107,291
1011,346.47480479999996,4,5,0.09976159817060352,0.00314,20068781.083343334,3.66130651996503e-06,0.00017810493607935623,1.88e-05,8990.371145541178,108,292
1012,346.4748127,3,4,0.07442046252177409,0.003137,17975836.858249884,3.631377583834526e-06,0.00017810493607935623,0.0001129,9850.80850881806,121,293
1013,346.4748131,5,6,0.05455795648789853,0.003966,9078370.568528183,3.671282832008532e-06,0.00017810493607935623,0.0001084,7207.865417831485,153,294
1014,346.4748189,8,9,0.013791715563068099,0.0033233000000000004,2328767.789524017,3.7311407042695407e-06,0.00017810493607935623,0.0005176,4780.465208535366,114,295
1015,346.4748191,2,3,0.043475871576294144,0.0030307000000000003,5786286.958083466,3.6912354560955345e-06,0.00017810493607935623,0.0001375,6732.334408280266,117,296
1016,346.47482149999996,6,7,0.02567451155482412,0.003322,3457124.3174153743,3.7909985765305485e-06,0.00017810493607935623,0.0001015,5872.423139543761,116,297
1017,346.4748252,7,8,0.020861111487448705,0.0038442000000000003,4816065.465909711,3.6912354560955345e-06,0.00017810493607935623,0.0004123,6837.046706798121,140,298
1018,346.4748255,1,2,0.04311661717531356,0.0054061000000000005,12720274.733136881,3.7012117681390364e-06,0.00017810493607935623,0.0001559,9861.057609863909,175,299
1021,346.81106969999996,4,5,0.035045571268537946,0.0017079,2591536.385182399,3.66130651996503e-06,0.00017810493607935623,5.36e-05,2857.9014231877236,84,300
1022,346.81107679999997,3,4,0.01864621676953876,0.0016057,694013.9100280622,3.621401271791025e-06,0.00017810493607935623,7.92e-05,1621.4233734396696,86,301
1023,346.8110776,5,6,0.014592426643219735,0.0016708000000000003,531512.1623551017,3.6912354560955345e-06,0.00017810493607935623,0.0001062,1560.0846470283918,91,302
1024,346.8110837,2,3,0.008163904035842629,0.0019259000000000001,160345.58516950693,3.6912354560955345e-06,0.00017810493607935623,0.0001034,930.2812847575752,93,303
1025,346.8110838,8,9,0.0031069416627176587,0.0017856,86578.37442306259,3.7411170163130417e-06,0.00017810493607935623,0.0001533,870.3747045950994,82,304
1026,346.8110866,6,7,0.004653562304227283,0.0017963000000000002,73717.99672764563,3.820927512661053e-06,0.00017810493607935623,7.08e-05,806.4347329564055,70,305
1027,346.81109,7,8,0.0034311839822467436,0.0019751,126214.16820339595,3.6912354560955345e-06,0.00017810493607935623,0.00032770000000000005,1012.8391576306961,81,306
1028,346.8110919,1,2,0.009704435619708515,0.0022203,594544.2627058816,3.7111880801825374e-06,0.00017810493607935623,0.00027640000000000005,1821.6705434932603,81,307
1047,353.4849986,5,6,0.09976159817060352,0.0041855,65960015.50064679,3.66130651996503e-06,0.00017810493607935623,1.1200000000000001e-05,17254.607608596623,194,308
1048,353.4850098,7,8,0.02497579219020511,0.0035314,3973630.839355572,3.6912354560955345e-06,0.00017810493607935623,9.030000000000001e-05,5547.578028032954,118,309
1049,353.4850102,4,5,0.057804946476422175,0.0032128,15363872.35539802,3.6513302079215287e-06,0.00017810493607935623,0.0001097,9658.509994007607,116,310
1050,353.48501269999997,3,4,0.03873706246505451,0.0027986000000000005,4766094.333501059,3.621401271791025e-06,0.00017810493607935623,6.75e-05,5484.629963808928,112,311
1051,353.48501669999996,1,2,0.03760297547890819,0.0053878,8299202.655002525,3.6912354560955345e-06,0.00017810493607935623,0.00010810000000000001,8275.65709870278,192,312
1052,353.4850206,8,9,0.028452644104779896,0.0036785,4718168.1222500745,3.7311407042695407e-06,0.00017810493607935623,0.000158,5764.276612776228,144,313
1053,353.4850267,2,3,0.015393137723371371,0.0025304,1121511.6504262302,3.6912354560955345e-06,0.00017810493607935623,0.000164,3230.1425379784014,108,314
1054,353.48502729999996,6,7,0.012185726609532023,0.0030975,1094767.667063275,3.820927512661053e-06,0.00017810493607935623,0.0001359,3275.1065718204677,100,315
1061,358.1288585,7,8,0.09976159817060352,0.0037624,34230593.32255931,3.7111880801825374e-06,0.00017810493607935623,1.2e-05,13785.859275951734,143,316
1062,358.1288632,5,6,0.09976159817060352,0.0032464,128289056.29381028,3.66130651996503e-06,0.00017810493607935623,6.790000000000001e-05,29138.622942973772,122,317
1063,358.1288792,4,5,0.04474391783060272,0.0040903,15834120.116784815,3.6513302079215287e-06,0.00017810493607935623,0.0003526,10669.976678149867,146,318
1064,358.1288828,1,2,0.06769053156103193,0.0065058,46188676.343250126,3.6812591440520326e-06,0.00017810493607935623,0.0003318,18167.35484429786,207,319
1065,358.1288834,3,4,0.02831716257220671,0.0031867,3774602.2916533416,3.6413538958780273e-06,0.00017810493607935623,0.0001794,5338.183876283146,120,320
1066,358.1288857,8,9,0.0700165515809401,0.0042541,35243295.38761547,3.7411170163130417e-06,0.00017810493607935623,0.0003133,14642.107367888582,153,321
1067,358.128895,6,7,0.02748296167501451,0.0030496000000000004,6303926.082441196,3.8009748885740504e-06,0.00017810493607935623,0.0002802,7098.223418620474,111,322
1068,358.1288978,2,3,0.018012954774589935,0.0028451000000000006,2362571.3186831074,3.6912354560955345e-06,0.00017810493607935623,0.0004665,4465.217668952118,119,323
1087,366.1835291,5,6,0.09976159817060352,0.006338,67488917.59156127,3.7012117681390364e-06,0.00017810493607935623,1.32e-05,18471.97089004434,276,324
1088,366.1835341,7,8,0.07432912665711801,0.0039335,18440471.77249036,3.6912354560955345e-06,0.00017810493607935623,0.00010310000000000001,11357.095117847233,140,325
1089,366.18354239999996,4,5,0.07630198133368934,0.0034199,26060467.091296606,3.671282832008532e-06,0.00017810493607935623,0.00011760000000000001,12477.87133867846,120,326
1090,366.1835484,8,9,0.03770953398767362,0.0030736000000000006,7200872.978637195,3.7211643922260393e-06,0.00017810493607935623,0.0001147,6743.129088849468,132,327
1091,366.1835506,3,4,0.02125081117664798,0.0032372000000000004,4139918.570151017,3.621401271791025e-06,0.00017810493607935623,0.0003047,6060.531165202743,127,328
1092,366.18355449999996,1,2,0.024368408690242177,0.0030654000000000002,4752180.828785836,3.6912354560955345e-06,0.00017810493607935623,0.0002521,6247.04142225762,126,329
1093,366.1835565,6,7,0.04010557817048478,0.0026503000000000004,9041860.363251304,3.8109512006175523e-06,0.00017810493607935623,0.00012660000000000001,7220.433231851584,103,330
1094,366.1835617,2,3,0.020696706931067756,0.0031274000000000002,3909501.666368129,3.6912354560955345e-06,0.00017810493607935623,0.00020240000000000001,5655.165579351337,123,331
1097,366.2722857,5,6,0.07830832582730123,0.0032792000000000003,12395344.214955347,6.863702685928994e-06,0.00017810493607935623,5.14e-05,6174.774056019174,156,332
1098,366.27229059999996,7,8,0.021870372791898386,0.0026812000000000003,1318846.5686509795,4.818558717011198e-06,0.00017810493607935623,8.310000000000001e-05,2650.364433877901,99,333
1099,366.27229919999996,4,5,0.019538263714346474,0.0021356,2842539.0743011707,5.476995311882294e-06,0.00017810493607935623,0.0001168,4162.052645531701,84,334
1100,366.2723052,8,9,0.009941908867814321,0.0017606000000000002,561448.082457484,5.38720850349078e-06,0.00017810493607935623,0.00011360000000000001,1931.0050453166664,82,335
1101,366.2723074,3,4,0.005169609939534135,0.0020189,261079.9991463222,4.21000368235761e-06,0.00017810493607935623,0.0003175,1422.168110800747,88,336
1102,366.2723112,1,2,0.006574659990826835,0.0020719000000000002,393249.3224191501,5.38720850349078e-06,0.00017810493607935623,0.00025,1776.2023357166665,98,337
1103,366.272315,6,7,0.009873406969322263,0.0015991000000000002,333982.15892709343,4.838511341098201e-06,0.00017810493607935623,0.0001349,1272.956982409399,74,338
1104,366.2723185,2,3,0.004898646874387764,0.0018193000000000003,196652.21849810806,4.399553611184137e-06,0.00017810493607935623,0.0002112,1196.8264138429236,85,339
1105,366.27439169999997,6,7,0.0001994166378324416,5.3e-05,230.54120165947162,4.838511341098201e-06,0.00017810493607935623,3.47e-05,24.319389925182996,2,340
1108,366.6466036,5,6,0.0002679185363245017,4.4e-05,304.33117819049795,4.110240561922596e-06,0.00017810493607935623,2.9700000000000004e-05,29.32520383309194,2,341
1109,366.6466727,4,5,0.00021768381076365764,1.7e-05,191.89800454038271,3.671282832008532e-06,0.00017810493607935623,1.48e-05,23.086051393317092,1,342
1111,366.6772918,5,6,0.00018723852254496427,1.4000000000000001e-06,105.85448405155296,5.536853184143303e-06,0.00017810493607935623,9.000000000000001e-07,15.926537960742785,0,343
1115,368.0375199,6,7,0.002155526405883491,0.00043970000000000006,5456.811963363182,3.781022264487048e-06,0.00017810493607935623,1.08e-05,100.11262472387078,28,344
1116,368.0375343,8,9,0.0008463790124796759,0.00044840000000000006,2407.22533473878,3.751093328356543e-06,0.00017810493607935623,1.3300000000000001e-05,88.33882376007958,35,345
1117,368.03758669999996,4,5,0.0003668657230352552,0.000219,639.1695532815005,3.66130651996503e-06,0.00017810493607935623,6.390000000000001e-05,47.14269850117097,8,346
1118,368.03768779999996,2,3,0.00017962720049029092,3.0000000000000004e-07,129.3758900950501,3.6812591440520326e-06,0.00017810493607935623,1.0000000000000001e-07,18.476026202126405,0,347
1120,368.144661,6,7,0.0005464929235255461,0.00010680000000000001,417.1762730593132,3.8708090728785605e-06,0.00017810493607935623,8.5e-06,25.07686863840994,6,348
1121,368.14467279999997,8,9,0.00027857438720104436,0.0001432,323.67840596178195,3.820927512661053e-06,0.00017810493607935623,0.0001005,28.540933268271758,5,349
1137,372.4027802,4,5,0.09976159817060352,0.0034176000000000002,14148555.254427886,3.66130651996503e-06,0.00017810493607935623,2.76e-05,6763.6272909411655,117,350
1138,372.40278129999996,8,9,0.09110295820120712,0.0047568,37316336.78960213,3.7411170163130417e-06,0.00017810493607935623,3.54e-05,13902.301534221682,175,351
1139,372.4027888,5,6,0.04343781496602077,0.004755,18163401.68737683,3.66130651996503e-06,0.00017810493607935623,0.00012130000000000001,12157.849978265873,180,352
1140,372.40278939999996,6,7,0.06862367964493488,0.002655,19361045.953684475,3.8009748885740504e-06,0.00017810493607935623,8.64e-05,10386.431205870034,88,353
1141,372.4027974,3,4,0.022846144279307506,0.0028096,2912010.482308312,3.631377583834526e-06,0.00017810493607935623,9.120000000000001e-05,4739.955928926393,119,354
1142,372.40279749999996,7,8,0.028152758015825768,0.0039055,6582715.288689696,3.6812591440520326e-06,0.00017810493607935623,0.0001397,8102.089741590308,131,355
1143,372.402802,2,3,0.014344297544237385,0.0026951,1312867.1454524307,3.6812591440520326e-06,0.00017810493607935623,0.0002903,3524.248871031714,125,356
1144,372.40280989999997,1,2,0.027125229538444862,0.0050937000000000005,5770377.399377618,3.6912354560955345e-06,0.00017810493607935623,0.000333,7521.74900860635,187,357
1145,372.4060296,6,7,0.0002146392819417883,4.0900000000000005e-05,210.37754677425664,3.8009748885740504e-06,0.00017810493607935623,2.5e-06,23.816738254950806,1,358
1151,376.5922726,8,9,0.09976159817060352,0.0065446,90085493.93690895,3.771045952443546e-06,0.00017810493607935623,1.1400000000000001e-05,22248.976524629514,311,359
1152,376.5922777,6,7,0.09976159817060352,0.003364,34079978.872310355,3.7909985765305485e-06,0.00017810493607935623,3.2300000000000006e-05,12082.09236445169,102,360
1153,376.5922798,4,5,0.075610873291125,0.003041,11965830.279250331,3.671282832008532e-06,0.00017810493607935623,4.52e-05,7048.497742063428,114,361
1154,376.5922925,5,6,0.0376166758586066,0.005702400000000001,7379634.151841786,3.671282832008532e-06,0.00017810493607935623,0.0001398,8498.08792187557,215,362
1155,376.592297,3,4,0.014581770792343192,0.0028618000000000003,2092421.759198605,3.6413538958780273e-06,0.00017810493607935623,0.0002872,4353.217986800903,119,363
1156,376.5922975,2,3,0.0268634000597641,0.002606,3116977.7111973558,3.671282832008532e-06,0.00017810493607935623,0.0001252,4724.9914620001355,123,364
1157,376.5923007,7,8,0.031577852940428766,0.0034245,10326109.793691874,3.7012117681390364e-06,0.00017810493607935623,0.00016910000000000002,9254.904145681303,126,365
1158,376.5923109,1,2,0.022302695884603832,0.0032845,3824997.4469032125,3.7211643922260393e-06,0.00017810493607935623,0.000391,5855.081504694321,133,366
1178,384.8826352,1,2,0.0003029306177759991,5.52e-05,113.04864549803779,3.761069640400045e-06,0.00017810493607935623,4.9000000000000005e-06,13.092081843322013,7,367
1180,384.9868131,1,2,0.09976159817060352,0.0040524,28241643.26632819,3.7411170163130417e-06,0.00017810493607935623,1.35e-05,9152.418006468559,125,368
1181,384.9868267,3,4,0.03259015877370033,0.0028823,4142472.9533215296,3.671282832008532e-06,0.00017810493607935623,9.67e-05,5014.460369104946,109,369
1182,384.9868378,5,6,0.021634421808203512,0.0034299,6543573.391045948,3.7111880801825374e-06,0.00017810493607935623,0.0003573,7685.812565271839,140,370
1183,384.98684049999997,2,3,0.02263150499736572,0.0028067,2375078.2286716653,3.7311407042695407e-06,0.00017810493607935623,0.0001939,4189.349279965183,99,371
1184,384.9868428,4,5,0.02345809457250325,0.0031232000000000005,5366894.201830409,3.7211643922260393e-06,0.00017810493607935623,0.00019460000000000001,6841.099583257315,120,372
1185,384.98684599999996,7,8,0.01907701759783327,0.0038013,4306782.663636877,3.7012117681390364e-06,0.00017810493607935623,0.0003799,6712.57663554169,149,373
1186,384.9868568,8,9,0.02809643423262118,0.0039401,4677266.936147189,3.8009748885740504e-06,0.00017810493607935623,0.00046560000000000004,5875.190007126481,148,374
1187,384.9868583,6,7,0.011342392125874217,0.0026552000000000004,764571.151822234,3.8109512006175523e-06,0.00017810493607935623,0.0003779,2539.10761670268,111,375
1188,384.9899683,6,7,0.000225295132818331,7.57e-05,393.6735907075751,3.8109512006175523e-06,0.00017810493607935623,2.0900000000000003e-05,35.790869199973244,2,376
1206,391.306943,2,3,0.09976159817060352,0.003288,25676165.30969719,3.850856448791558e-06,0.00017810493607935623,1.3600000000000002e-05,8903.421844629638,144,377
1207,391.30695599999996,3,4,0.02991249567486624,0.0025946000000000003,2963817.735381777,3.631377583834526e-06,0.00017810493607935623,9.77e-05,4345.529943205081,97,378
1208,391.30696389999997,4,5,0.01872537451890736,0.0025812,3346798.973931874,3.7111880801825374e-06,0.00017810493607935623,0.00032140000000000006,5010.828855402627,106,379
1209,391.30696889999996,6,7,0.015181542970251451,0.0022913,1313100.653988468,3.8109512006175523e-06,0.00017810493607935623,0.00018970000000000003,3250.397177782888,92,380
1210,391.3069709,1,2,0.029463427673640515,0.0045287,5293477.783342116,3.7311407042695407e-06,0.00017810493607935623,0.00017370000000000002,6454.312928674383,156,381
1211,391.3069739,8,9,0.012196382460408566,0.0031738,1225085.6926360547,3.771045952443546e-06,0.00017810493607935623,0.0002628,3199.8701813009166,123,382
1212,391.3069757,5,6,0.015994432165690565,0.002443,2524121.849424377,3.6912354560955345e-06,0.00017810493607935623,0.0001822,4455.4690884064885,120,383
1213,391.30698859999995,7,8,0.01491362443392695,0.003447,2103023.9573364123,3.7111880801825374e-06,0.00017810493607935623,0.0005073,4485.5502486885125,148,384
1214,391.30973969999997,6,7,0.0001857162581340296,0.000191,327.8257963779635,3.8109512006175523e-06,0.00017810493607935623,0.0001904,34.70275468185704,1,385
