,0,1,2,3
0,0.03819620568687084,0.11034614425205498,0.006875395790538263,2.0
1,0.06877269868487661,0.06877269868487661,0.0017068532715267203,2.0
2,0.028007166318995233,0.09186983981314721,0.023167174216976904,2.0
3,0.07147648915279105,0.08917460915681046,0.006806998994613959,2.0
4,0.07469034369543802,0.09834735893588138,0.0525783207737669,2.0
5,0.06646143720913887,0.06646143720913887,0.002383599383625624,2.0
6,0.044171452096304645,0.01972548371866169,0.10566611070110489,2.0
7,0.10032279381296441,-0.07919217558853042,0.32162774093365104,2.0
8,3.268456380386924,-1.2008091098078069,1.45193857459371,2.0
9,-0.024156558112351817,0.08343824951016776,0.11049088587807489,2.0
10,0.049423871413971796,0.12829040224379823,0.010177350200339382,0.0
11,0.05887317298436367,0.17907145754387194,0.23022524659901386,0.0
12,0.1712085012910749,0.054309948820405074,0.103165772358227,2.0
13,0.0694866237263766,0.07450681511230353,0.0033577308775923206,2.0
14,0.07538074865196964,0.07,5.665583147960493e-18,2.0
15,0.051862952551207334,0.048341010963873256,0.017858185943517513,2.0
16,0.04764072022763185,0.08298936999611183,0.028852757456280798,2.0
17,0.06615816868689971,0.053729808658762535,0.0631999202428707,2.0
18,0.026079489918500592,0.042087274481317674,0.15741580649322737,0.0
19,0.035463115766458844,0.06786874437873218,0.019852211717005037,2.0
20,0.0497916625180983,0.06338200003192251,0.06562199260861183,0.0
21,0.0906182770416287,0.08478067257434553,0.012751989870519169,2.0
22,0.09497226227245577,0.07770187236090927,0.006450621161313046,0.0
23,0.07590651323643728,-0.023081668174396275,0.13404069525415604,0.0
24,0.06529989048879295,0.06529989048879295,0.0031151524806514903,2.0
25,-0.04647031638939331,0.23392847549955104,0.18130920027513087,0.0
26,0.13512433991100326,0.1399935603874737,0.3038342508957842,0.0
27,0.03675679594236836,0.062341634814505546,0.0018169895556344614,2.0
28,0.028773479459096182,0.09837587430617509,0.1488198044104122,2.0
29,0.06875999006359496,0.01321351237023067,0.03107889216298468,0.0
30,0.12164546842709067,0.12022309848446355,0.26809944625584475,2.0
31,0.1123199543538373,-0.03972306557144667,0.1660561603231848,0.0
32,0.04980801632902031,0.01868145620371316,0.028063502245888532,2.0
33,0.059509472099094594,0.057616054604581905,0.020329612706203773,2.0
34,0.09877406476630785,0.4410547463644586,0.24761519793570044,0.0
35,-0.018949315955806734,0.14092836436759199,0.19359616777321062,0.0
36,0.1720024375645099,0.7369819062602556,0.3969074540036253,2.0
37,0.06646143720085392,0.06646143720085392,0.0023835993889321154,0.0
38,0.06999999999999999,0.0682100304533678,1.4989724041661926e-17,0.0
39,0.0349018018539094,0.07619123273207268,0.02564793857716348,0.0
40,0.06364115489866498,0.07127167015419544,0.00432682874306927,0.0
41,0.05616623073687274,-0.00338301438806469,0.0005620640186994473,0.0
42,0.06993903175170922,0.0620828369338641,0.007636673110018031,0.0
43,0.06692134656211529,0.04634875138129972,0.008520028620408118,2.0
44,0.1173325813056056,-0.04377038503092737,0.1861411278410589,0.0
45,0.0606620896764932,0.0587559950168514,0.019761443495777617,0.0
46,-0.004230194261551549,0.08093894131999613,0.13875993145268103,2.0
47,0.06999999999999999,0.075380748664772,1.1331166295920986e-17,0.0
48,0.06748175490247456,0.06748175490247456,0.0034635740058478024,2.0
49,0.06570602146953507,0.0712350861829508,0.0017520876853688418,0.0
50,0.07218136344011405,0.056184124139811276,0.011463291411928218,0.0
51,0.08885221235365627,0.08942936763334111,0.1733450344066302,0.0
52,2.1109803657269275,-0.7398928232775106,2.3756372482545403,1.0
53,0.054447929114487356,0.08664373709668252,0.011677841026876,0.0
54,0.07067006111248811,0.06505735233816355,0.009466178548881139,0.0
55,0.07565164362067647,0.0677993280985069,0.005829044220472229,0.0
56,0.08942907542216968,0.07389978332944289,0.004296380429940846,0.0
57,0.07060063466324343,0.06878497729921643,0.0008524004021548329,0.0
58,0.07090431338509691,0.057543220687256806,0.003528296900138009,0.0
59,0.0692897351843127,0.04218085016329448,0.009986430233673661,0.0
60,0.06127757213529072,0.01825030421887369,0.07949566800540132,0.0
61,0.08111433953295705,0.020417244609820445,0.06460145870721365,0.0
62,0.09436834915873644,0.06668090619628486,0.013231550508007804,0.0
63,0.05026088767163615,0.004349697905494988,0.06282873767607434,0.0
64,0.06729192583484525,-0.038145361470573125,0.10765449430538845,0.0
65,0.06936685541927891,0.06583968949946838,0.0008760862694789918,0.0
66,0.09688335326864521,0.025225721319720153,0.11794178563284786,0.0
67,0.020765939194661305,0.10841755091991459,0.13358396782568444,2.0
68,0.07039354460280377,0.0723508245914095,0.010449705321145204,0.0
69,0.16258308247618639,0.1862405375216379,0.17430712269800178,0.0
70,-0.734014852241876,0.7494081902866878,1.647540671750111,2.0
71,0.0600713795872576,0.07270389156567245,0.02485763025169236,0.0
72,0.07562950088735047,0.09439795818476727,0.009408880406195046,0.0
73,0.06076513960418724,0.1140082717438396,0.12558028683080966,2.0
74,-1.1500168805814797,1.9947499254250234,1.7930761765611556,0.0
75,0.071181859925844,0.069342581498696,0.0016978481030860545,0.0
76,0.08887093224134449,0.0773380847460126,0.05235113166922331,0.0
77,0.14880585975998886,0.044856535448067385,0.10061725769179618,0.0
78,0.05617342644175944,0.03093178993471988,0.010943088954546046,0.0
79,0.0716733872019476,-0.012099719537163198,0.13551097569573828,0.0
80,-0.012221018965054765,0.11125094245340814,0.15144979534565026,0.0
81,-0.021899341576937403,0.1373291614668842,0.19470564429059495,0.0
82,-2.798002819852328,0.2979770149088421,1.7592858336752952,0.0
83,0.0611006113822607,-0.008829568932227104,0.0034612426454349,0.0
84,0.07845793649820634,0.0363527771977057,0.02688979820936824,0.0
85,0.12510732208513023,0.006284427028507858,0.15259122860463462,0.0
86,0.12294293440111631,0.12675797404635594,0.15920569683352495,0.0
87,0.06405514344721414,0.04649608846394332,0.00788066358454288,0.0
88,0.15185920098555128,0.12085688285745974,0.19052712553603673,2.0
89,-0.011412336315721541,0.029076320000889097,0.15286494063589978,2.0
90,0.0585353397099127,0.047972192272368284,0.08469176400830647,0.0
91,0.06924462087358578,0.24884933335085183,0.22372015740395748,0.0
92,0.07316756509469532,0.06996349888441146,0.005084768977311405,0.0
93,0.07211093648713722,0.07581663075418013,0.08126238647731214,0.0
94,0.08175260230632672,0.2926321672696039,0.2207301577262875,0.0
95,-0.007010089277674632,0.10961041930172619,0.16790695231574698,0.0
96,0.06518807713209925,0.03098143828282783,0.01088254310671378,0.0
97,0.05081774395977993,0.0039987907379482905,0.07371219982195305,0.0
98,0.08897274163828961,0.06333579378817362,0.01327213610427708,0.0
99,0.019690669278238905,0.04802656492985172,0.09713491509261453,0.0
100,0.06233470138203296,0.03444664047906396,0.004110833013956136,0.0
101,0.055300251753203744,-0.012032423583674977,0.0807571594002036,0.0
102,0.03798459883876801,0.009480107789517592,0.09535698299950067,0.0
103,0.07313039760005305,0.01966993691948904,0.04787049301997206,0.0
104,0.09405785514204296,0.04552725317810766,0.1105995225325885,0.0
105,0.13210370667324586,0.0979222396687788,0.14477333145292023,0.0
106,0.060150424294203954,-0.0030314832613915683,0.0694072303417454,0.0
107,0.05209647889822703,0.02706424947945349,0.051624256641756704,2.0
108,0.05629564223983195,0.06269307900566798,0.10582599102152215,0.0
109,0.07416779369584277,0.06505271136099015,0.001090093924471489,0.0
110,0.03313545172360898,-0.005182059127646615,0.09887204091793261,0.0
111,0.053357415155952596,0.08242100218605056,0.000710788007331363,0.0
112,0.09661734826281655,0.05543756676006508,0.006394868190015057,0.0
113,0.06080291946547158,0.01325643090401779,0.05021684711333757,0.0
114,0.12034457782589054,0.18503364094241573,0.2196073024125798,0.0
115,0.06799702678302808,0.027955257807909563,0.006962787153361031,0.0
116,0.07793726554555483,0.0487465960386855,0.08970891829482053,0.0
117,0.09560258249451961,-0.05383661171808038,0.008676211679547683,0.0
118,0.038848774118360914,0.042731777610537036,0.0755472590697329,0.0
119,0.08509192146291472,0.040956433300692256,0.01269317773986448,0.0
120,0.1422016631317783,0.09321158078694369,0.08972885577919108,0.0
121,0.0270165239328903,0.07180888867504737,0.10993166337403552,0.0
122,0.016888815897056524,0.06842551647937037,0.16599667572820484,0.0
123,0.06475949496744597,0.06975947372618459,0.06083973942387567,0.0
124,0.08768920165600025,0.06566358153410723,0.003468760429136528,0.0
125,0.04957238251725786,0.04957238251725785,0.007177070950854503,0.0
126,0.09390260563452818,0.06541032626368479,0.009069377408148302,0.0
127,0.07829097966429581,0.07068245516014209,0.0042099378584028084,0.0
128,0.03567856365280113,0.04807117272970697,0.06881187259473481,0.0
129,0.04310726578712857,0.05768425580277664,0.00401830647149136,0.0
130,0.05192342940339274,0.0479215784601919,0.014205057843637287,0.0
131,0.014263063355336201,0.03132846203369502,0.11045390607837721,0.0
132,0.08182402796372348,0.1370082955057716,0.13177552108611026,0.0
133,0.06292449791902417,0.06651562207592553,0.0002897902718618626,0.0
134,0.03057940523775972,0.03522058811649513,0.007827503298517958,0.0
135,0.03445524129886463,0.034455241302092036,0.009196462426894375,0.0
136,0.07117054116849642,0.06940825095112671,0.0008356622386053275,0.0
137,0.019179291895322727,0.057220896462949825,0.0028315396237616583,0.0
138,0.11223791458135349,0.15210680689339914,0.2548236016788992,0.0
139,0.14739259765081475,0.07102085013077385,0.08398817562700538,0.0
140,0.3910111305058836,0.1508619437995382,0.21680543210086242,0.0
141,0.07337242180539881,0.06825866598952839,0.002468645997441037,0.0
142,0.07591315056917401,0.07069784649626766,0.0017384778693754546,0.0
143,0.03361562084426289,0.1251204888145847,0.14735437778400534,0.0
144,0.08687638335473928,0.07624746676334435,0.018596802707305838,0.0
145,0.05339801072843371,0.29044850964462254,0.22410539488725015,0.0
146,0.021341909943462977,0.0700314274212269,0.1286738028587277,0.0
147,0.04561541901829998,0.008842405402598896,0.015187195303403421,0.0
148,0.07652239570608742,0.06944686921495911,0.0008034650709598266,0.0
149,0.04283723313783798,0.027990423051310477,0.08062173704543116,0.0
150,0.06998898829267332,0.07384063625255748,0.005982992070477026,0.0
151,0.07337563752253576,-0.01764120440610984,0.0033886492447924503,0.0
152,0.06641736281671987,0.06999999999999999,6.938893903907228e-18,0.0
153,0.11943863030070687,0.15178115800671563,0.26122567675693775,0.0
154,0.07710186084397636,0.0719710597923617,0.002699559922767262,2.0
155,0.15246503627822217,0.014979229237873157,0.05267992894147747,0.0
156,0.0740243060307177,0.07238488279230791,0.004338078414699295,0.0
157,0.061337815851271224,0.06285588163132431,0.007603212574908113,1.0
158,0.0816007714277411,0.01818999878479644,0.11885506731129998,2.0
159,0.05412017347275942,0.29122341412904906,0.22737336138460543,2.0
160,0.0682470550761531,0.06466110555383914,0.0001101830695221102,0.0
161,0.03059469510046683,0.03931133439810194,0.009292811214268884,0.0
162,0.11171928587172024,0.3310577980820077,0.2245257625892621,0.0
163,0.07846309040209863,0.05768249590998966,0.007825977553796517,0.0
164,0.06560182798200943,0.03480247793506758,0.0010338239098795388,0.0
165,0.06355963039999771,0.07341806966778276,0.004015667375227696,0.0
166,0.06524645122264748,0.06698000861186952,0.001861317469136889,0.0
167,-0.002431743708582664,0.1025024695977783,0.1627423483838868,0.0
168,0.0777081201017361,0.07073975009962265,0.0017590903159465704,0.0
169,0.06748175491185672,0.06748175491185672,0.003463573993154801,0.0
170,0.11501234118362277,-0.0026145889241298223,0.016641157972368262,2.0
171,0.009943553870980372,0.02394286836001875,0.015969416435621366,0.0
172,0.023031394151197735,0.06622481182943984,0.11303645928262322,2.0
173,0.07242360996099491,0.07242360996099492,0.018749896796855736,0.0
174,0.06787844146266211,0.021730601611800574,0.006897620878386464,0.0
175,0.07280171935951787,0.07570823074447952,0.008712214203839138,2.0
176,0.09253568313111736,0.06090876003339824,0.03430711624174074,2.0
177,0.09907152067607436,0.09294226756702267,0.11100231385875182,2.0
178,0.09504243426335308,0.0037180067229795727,0.036874269180205255,2.0
179,0.053433055322656964,0.04536303167225447,0.02644183232980633,0.0
180,0.080785342594472,0.06442998604001879,0.013044419103924152,0.0
181,0.12081888521043706,0.12268497030955947,0.26698439891959524,0.0
182,0.0223155992555385,0.10224797547889637,0.14812266332820329,2.0
183,1.1421800099564767,0.5629867288026809,0.19655579052426853,0.0
184,0.08877827653950002,0.04008516305155897,0.01410741769385906,0.0
185,0.08563517177022499,0.04887126802154548,0.016255030335955826,0.0
186,0.0753445504309277,0.06816511007327733,0.00011559674803287732,0.0
187,0.08748745281630646,0.08612979547494387,0.014232745277539432,0.0
188,0.03441224673025,0.0429542807304681,0.06414144407803787,0.0
189,0.07738092566623424,0.06658155383712445,0.014028926342829262,0.0
190,0.099583569806724,0.07317272160309758,0.006370503974755844,2.0
191,0.05163689739130636,0.037024007737757825,0.051694276640240185,2.0
192,0.04099530825028502,0.029633926943916797,0.06751916393278534,0.0
193,0.14902312799405168,0.03948935979469438,0.06487253429559138,1.0
194,0.05071967798072596,0.25476339405995957,0.22164660757838417,0.0
195,0.08937793650869456,0.06600909250631969,0.05406004904525773,2.0
196,0.08094785123053344,0.07101731696619784,0.004382581257532964,1.0
197,0.08192381750682452,0.06765737891764795,0.02569299502266787,0.0
198,0.03605879510690055,0.2959382513398495,0.18120636164693255,0.0
199,0.04005012430779328,0.04112525191718637,0.07415963462236444,0.0
200,0.0029359907354970932,0.07931028907111783,0.10908705798418371,0.0
201,0.07530670816699812,0.06570510026211164,0.005375596342742828,0.0
202,0.09882646499475423,-0.08881842423198685,0.06680266816660628,0.0
203,0.0956289027402399,0.0755081804830965,0.10916390562553495,0.0
204,0.03465432005664708,0.04732290470564773,0.13793649916049902,0.0
205,0.05701808816260738,0.05513192422781418,0.02033505656260124,2.0
206,0.07299765768663219,0.06747253033398277,0.0017798198538230947,2.0
207,0.061205126100807736,0.0027888855114130986,0.06324784670032836,0.0
208,0.13154395291504078,-0.00988925892460946,0.05231619762661763,0.0
209,0.11493085189796949,-0.01870216281398218,0.057984437539008914,0.0
210,0.08330858930278173,0.06858221037489877,0.001075244626819577,2.0
211,0.08085265260751727,0.06771653188974415,0.0028511923305971484,1.0
212,0.07140021594178038,0.03121111539748185,0.01775145569518234,0.0
213,0.08017249731281537,0.06525139327859253,0.021011488678270834,0.0
214,0.09597454559713096,0.09597454559713096,0.11138078767358282,2.0
215,0.08758994324998214,0.05857812416395526,0.00494092846471651,0.0
216,-0.1296070147917796,-1.1135621534427578,1.3493186526033623,0.0
217,0.13611151680361652,0.03250687034040313,0.06705542571241764,0.0
218,0.03096262048096116,0.07726989351544247,0.11032502826946662,0.0
219,0.07884689150380789,0.0643716264051293,0.0005879449248504271,0.0
220,0.17651707665925023,0.07327958314052448,0.12522796361260216,0.0
221,0.08563105075994062,0.049181927161093,0.0016250013868514277,2.0
222,0.08619469317410312,0.07125515141848839,0.08115082999689423,2.0
223,0.047157520884957525,0.03191843280472273,0.10377571558808392,2.0
224,0.11240041372542509,0.08164868640116335,0.06154906644782239,1.0
225,0.08208996288364817,0.07234988882829595,0.005437497571114608,1.0
226,0.0014077165885627574,0.07654225220452968,0.11209567849664506,0.0
227,0.07228660246923513,0.08056638060124802,0.010651627583150086,2.0
228,0.10462331040200584,0.06682915377258075,0.006350715513951383,1.0
229,0.07816707489100988,0.051018346098546455,0.005532006678620935,0.0
230,0.05991307089887142,0.0690004616457573,0.10124212350047108,1.0
231,0.071181859925844,0.069342581498696,0.0016978481030860545,1.0
232,0.07727676021493846,0.047486406043492406,0.004551855179205156,1.0
233,0.08820123967111707,0.07455528327149334,0.05479906063737601,1.0
234,0.03766632535040699,0.04616381415151857,0.0029831963673106194,2.0
235,0.06854286276507125,0.08794277603267837,0.005809235955523467,0.0
236,0.09168362722787814,0.06874168864716926,0.005860196843977014,2.0
237,0.4786676406656646,-0.3227073939278654,0.6499788647407004,1.0
238,0.11162333961903231,-0.02210054590966737,0.15324461528047678,0.0
239,0.07444839466576697,0.06371019075032087,0.006579150175138823,1.0
240,2.0589106151796694,-1.5329964916832153,0.026088054251367038,0.0
241,0.052090610457808245,0.02665500962473013,0.012758198213134153,0.0
242,0.07518056593936803,0.06943796388805927,0.005153191456857601,1.0
243,0.05075669334885191,0.04139775879354962,0.050106007334820575,0.0
244,0.05845018738574123,0.07853963176222506,0.09574073825322185,0.0
245,0.035682208208109564,0.03743601816705981,0.0105258479960713,2.0
246,0.06556429027478307,0.07479738549377275,0.0019450662217497543,2.0
247,0.02827355298556855,0.049458109591374436,0.05982529565267692,0.0
248,0.0692583220906825,0.0712054479125891,0.007716838954960059,2.0
249,0.06405800121211107,0.08327658813453295,0.02761327534335232,0.0
250,0.07026023304516567,0.05638274931550198,0.014703834576361216,0.0
251,-0.04328709930098626,0.34197997558318793,0.17863978290681037,0.0
252,0.05883281465357204,0.038814149149825616,0.014998030314261437,0.0
253,0.07791221372079735,0.058770694833023884,0.004464300684337259,2.0
254,-0.01968636047442602,0.0016178383611874098,0.20523408394948808,0.0
255,0.05080396070398252,0.07439922087047697,0.0174684492511595,0.0
256,0.0027465291617517745,0.08933309880895975,0.16471719775028099,0.0
257,0.07907332113109215,0.07533514181708813,0.001992571530317241,2.0
258,0.09758126461592458,0.01018363014527065,0.1261026389882375,1.0
259,0.05782234219454682,0.08336627034063875,0.0010680244094392673,0.0
260,0.05699569815176933,0.05495410938142531,0.008737616301668449,0.0
261,0.03350292928895494,0.08113242513044437,0.12338796179720934,1.0
262,0.08887988157193116,0.08297739360238014,0.012580446499367107,0.0
263,-0.03083114043639676,0.14373939242958683,0.14260622778032778,0.0
264,0.08674260288596332,0.084844944820848,0.001188498210528518,0.0
265,0.07351213205296155,0.05550003167403138,0.01084264633164427,2.0
266,0.07165109250687317,0.029182058566661416,0.06051842134180635,0.0
267,0.09736631945065762,0.08316440390422061,0.0013257057570922766,1.0
268,0.10145500187276121,0.06636861405513514,0.02225787954245228,2.0
269,0.06613746847491667,0.08865684707265725,0.0026407959117478856,0.0
270,0.05879198185793627,0.2369525663880836,0.2176978973248034,0.0
271,0.02013449946173962,0.07310947321572148,0.16405799267056975,2.0
272,-0.016693233488778922,0.08152432209834436,0.142839396305994,0.0
273,0.06317431532326284,0.02306094783044557,0.015307284967211716,0.0
274,0.10164610396399877,0.06711375452911467,0.005422143248631323,0.0
275,0.07712480210995357,0.07551290221423397,0.005526951134390688,1.0
276,0.05963798859070711,0.059506503531118596,0.10502638830848017,2.0
277,0.046100150268921905,0.04564316721040887,0.09157212086854367,2.0
278,0.07193604444527774,0.07193604444527774,0.015392435947895996,0.0
279,0.06684559542725431,0.0569153633458749,0.007135906076710682,1.0
280,0.07664499019840976,0.07480102396959351,0.0013224641954326254,0.0
281,0.10168729947884475,0.0737313817056281,0.006567932011749129,2.0
282,0.07871513231530237,0.076797449985147,0.004503377138012173,1.0
283,0.14461270075385782,-0.013031022532566322,0.002279234064682489,1.0
284,0.08901726326338338,0.10994562160435653,0.1015535926648242,2.0
285,0.07435758837591652,0.05872196862251198,0.006531662163787639,0.0
286,0.077049753588061,0.04929148406208668,0.006010353593531462,1.0
287,0.08192847050279636,0.06739891772595602,0.014238881122547032,0.0
288,0.0768420555509419,0.08621095176639434,0.00042428648447973466,0.0
289,0.04753986202435038,0.12249079504130245,0.1310156527704275,0.0
290,0.1303387795717396,0.04971594300845214,0.04245782359492313,1.0
291,0.08011927917182655,0.07041406077233334,0.005160665325241259,0.0
292,0.07060063466324343,0.06878497729921643,0.0008524004021548329,1.0
293,0.17205603693579943,0.09856843314730704,0.18826737184042922,0.0
294,0.01340605167191048,0.10113820538679705,0.024013820202347318,0.0
295,0.17110832749259566,0.11572889641172743,0.07329693748792354,0.0
296,0.05693174237204709,0.08625668610606796,0.016881542115258306,0.0
297,0.12112684074392463,0.12195939890308394,0.10882671419953527,0.0
298,0.09717093961559578,0.06164952217400989,0.008121598859604538,1.0
299,0.07426572275157906,0.07426572275157906,0.001901240532497796,0.0
300,0.07155626145207471,0.06644560992662733,0.002475280206087719,1.0
301,0.04102324519080833,0.042371127236427844,0.023224883008119465,0.0
302,0.15430341539842626,0.11835829725641,0.05087206051035893,0.0
303,0.0804167691859805,0.07703677696900026,0.004232678849582146,1.0
304,0.03756801768706598,0.06211092284921172,0.06282541502504939,0.0
305,0.019787285385205543,0.07735873604549971,0.16173142792673856,2.0
306,0.0646731999272759,0.08383680341755176,0.0017190656601318293,2.0
307,0.07913506658523341,0.04783837906833912,0.018890647076051207,0.0
308,0.12249866235197074,0.1399785926005886,0.26979100171339887,0.0
309,0.06695066495013621,0.06501275216066674,0.005741305808453932,1.0
310,0.05795556736312312,0.23836944730797888,0.20006821291574914,0.0
311,0.07467292669772703,0.06897450389620566,0.004307231894486313,2.0
312,0.0689404115049807,0.09934532359660594,0.00765094665147258,2.0
313,0.06599624808259877,0.05473666510858427,0.021379391978168846,2.0
314,0.07916207388496961,0.07723183956233985,0.005335328360820225,2.0
315,0.05491698446002019,0.041220939292239404,0.09053752199013033,0.0
316,0.062215216298357474,0.07106905356615616,0.0007507889440966049,0.0
317,0.11184525928515877,0.13681222982047334,0.06296738755181916,0.0
318,0.07933253099625591,0.01881648722660041,0.00013960750093550234,0.0
319,0.08569074136578926,0.0578936904649265,0.013669304630283007,2.0
320,0.0943279333381289,0.08001514474363583,0.019678953451152295,0.0
321,0.08931718870533585,0.07584215561452724,0.002182197660534673,2.0
322,0.06653600820014018,0.06466791690934824,0.002314105004405318,2.0
323,0.0795124400117285,0.06973397449997977,0.01069349023089339,1.0
324,0.07583554192630071,0.06887925028696672,0.0016151796391604472,1.0
325,0.07538402180508383,0.06792362271570668,0.002674601568547301,1.0
326,0.07842590933840737,0.06485116015346931,0.030762001877879662,2.0
327,0.08798516288754642,0.042333045596617776,0.028665422732561206,1.0
328,0.06597671054025117,0.026150671150741003,0.08135544391304346,0.0
329,0.05995006152226253,0.047078337697800406,0.07499237622313974,0.0
330,0.07959693778049166,0.07204634605578472,0.0031896547756874232,2.0
331,0.08774446822029912,0.058297550469580406,0.015952412483597567,2.0
332,0.06819058650978571,0.04594173443934964,0.02229753597247515,2.0
333,0.042300816650435384,-0.01691979165380642,0.06954707188772613,0.0
334,0.07978924762046134,0.05613126811722815,0.0028101120587148897,0.0
335,0.05236202664896601,0.08344209670826347,0.018779638698732164,0.0
336,0.064862566466722,0.015480047478082539,0.1237791322762208,1.0
337,0.07239020830143102,0.07057454248810256,0.0008280799698906558,1.0
338,0.07186653489527915,0.33219035232644606,0.2409441972560268,0.0
339,0.08452801557022666,0.07276914568020044,0.009495792710640012,2.0
340,0.07001285900082485,0.056217950224312044,0.03783109320364761,0.0
341,0.06966154404661117,0.07161436618311344,0.00861278264499865,1.0
342,0.051552411394380854,0.04362095259341514,0.026090672570121296,1.0
343,0.1306518792133061,0.09450228173140363,0.07820670380390243,2.0
344,0.06950390809291754,0.007046805008289317,0.04189715114074791,2.0
345,0.07070916345790229,-0.022186073548518925,0.09037860460905921,0.0
346,0.06957878895842522,0.06365210744757822,0.014159067134830214,2.0
347,0.06155472402165309,0.04972604645363923,0.027798087323423964,2.0
348,0.09793831429918859,0.0026693627689923782,0.15018785550788755,0.0
349,0.09954267630504651,-0.007319223428885413,0.08532291793652497,0.0
350,0.07661154171757908,0.07108212904335648,0.00161105733239327,1.0
351,0.08661285081840435,0.02507218168646187,0.1062044644764437,2.0
352,0.11857080680456654,-0.005956474296052047,0.15271557337247904,0.0
353,0.07349581872758167,0.06268812384635607,0.00030168961753213757,1.0
354,-0.005042237960743226,0.4255561868706375,0.20206232238802369,2.0
355,0.05921144159673713,0.07769025615721577,0.0018383678872787442,0.0
356,0.07191840343637657,0.06504949283396019,0.014985750387557728,2.0
357,0.14782049085946297,-0.007454409202689798,0.013214715383143932,0.0
358,0.06463863854953797,0.0567794271647373,0.016442878585877636,1.0
359,0.14038908163414213,0.0364703228597674,0.036159629238274,0.0
360,0.07070091444129628,0.04812094095568117,0.12948473266831467,0.0
361,0.12990308066897996,0.07164970290284192,0.06430350204775222,2.0
362,0.09350089811239728,0.07715646927876771,0.017826690171383865,0.0
363,0.06890866410309997,0.15730180233983287,0.07468297948288352,2.0
364,0.07422777538641298,0.04823340735114484,0.006212075537406569,0.0
365,0.022045282883673856,0.05278630696472817,0.05517449630047771,0.0
366,0.10281412386627714,0.007584288854153416,0.013395640586779669,0.0
367,0.07419604951197979,0.07056193471782778,0.0008172357029340543,2.0
368,0.07337242180539881,0.06825866598952839,0.002468645997441037,2.0
369,0.06528982240565354,0.05764373859121341,0.019527739049030893,1.0
370,0.07403263796145348,0.06098724037046025,0.021690462107152638,1.0
371,0.09447272792274046,-0.0006019735300547922,0.042713637394366906,0.0
372,0.07171028532860954,0.07366307941751724,0.00952276675838526,0.0
373,0.0929302437627374,0.04286134984783927,0.010150293420557285,2.0
374,0.11316857397982863,0.15793281480260113,0.05507553336617031,0.0
375,0.06802767522654668,0.06410634520711578,0.007500307168404186,2.0
376,0.06981115234639126,0.06981115234639126,0.02179197733117006,2.0
377,0.0756707864757779,0.051346027477070656,0.05024040958036091,0.0
378,-0.052980001320359044,0.2737402246912003,0.16785793346442326,0.0
379,0.07013699605091961,0.05413692778577899,0.013734242148495581,0.0
380,0.07627490883231047,0.1029673452488581,0.009962527885198278,0.0
381,0.06640306454715192,0.02453428360209207,0.016523817655239522,0.0
382,0.07406450507353542,0.07218435027041058,0.003293238679808839,1.0
383,0.08012584374746105,0.06280935805023638,0.0017207230163097205,0.0
384,0.08129495370905424,0.08002358922031591,0.04931867886630821,0.0
385,0.0944189459493334,0.06999999999999999,9.813077866773595e-18,0.0
386,0.039339419496850644,0.047073873601810826,0.09487274871495353,2.0
387,0.06386520606920257,0.07562733665907068,0.01361161811305021,0.0
388,0.13522551929306287,0.09574841687780493,0.021831544150512496,2.0
389,0.053346547400043964,0.04813671127753079,0.023737700121485388,0.0
390,-0.0638527314923536,0.0827690306097576,0.009031823557612978,2.0
391,0.08077678729072564,0.09318145451857335,0.027393412605644693,2.0
392,0.06179625236348736,0.040528657797669954,0.07671493316208174,0.0
393,-0.050159352724423484,0.2792924847574705,0.17337881278253475,0.0
394,0.08025363492679216,0.08025363492679215,0.007823825840189851,0.0
395,0.05674429966185295,0.05128642452567324,0.02242894721836671,0.0
396,0.0747396822254415,-0.003477565836762317,0.06627787208073346,0.0
397,0.06664577374951143,0.01979635065957995,0.016866929737276496,0.0
398,0.05236537034143087,0.03898574170844816,0.09543946253815541,0.0
399,0.07911296633628966,0.07716109067063592,0.010162894362405996,1.0
400,0.11298858549280826,0.06968522462018856,0.004694101128419862,0.0
401,0.09427812670393747,0.4218046916775752,0.22735502763984927,0.0
402,0.10233512676988761,0.062041670066516584,0.004548279507918803,0.0
403,0.0654723425194707,0.059945779696993995,0.02297694984629814,1.0
404,0.0761914322038398,0.052066007955895215,0.013298071718625367,0.0
405,0.0860142371815629,0.044858572039513746,0.014888029145634309,0.0
406,0.1546059934050237,0.030579159983288202,0.05171132252318625,1.0
407,0.028045676351987153,0.0734698688090908,0.08936152553304713,2.0
408,0.0552555220018371,0.045267688517898585,0.025755160249473857,1.0
409,-0.06571044680740692,0.32396259763046087,0.16321756699352996,0.0
410,0.08112047500657191,0.07916778319593436,0.010992947601554495,0.0
411,0.0867961194037617,0.07120028724610639,0.005918363127826769,1.0
412,0.0694595925036847,0.053338522382648676,0.011820528519191421,1.0
413,0.07172511156225451,0.08122853729772482,0.0061952145312298935,2.0
414,-0.024764060278409578,0.07341582116614781,0.13524081422064596,0.0
415,0.07661154171757908,0.07108212904335648,0.00161105733239327,0.0
416,-0.004496057722676264,0.0766977049429851,0.11488291836462956,0.0
417,0.052479766158604245,0.052479766158604245,0.014356950737731371,1.0
418,-0.029397011614764657,0.10589194258746644,0.16303852587052664,0.0
419,0.013725850051825254,-0.011079386825513942,0.2477145488127337,0.0
420,0.061930603767887164,0.08705889930902545,0.0050646008322677806,0.0
421,0.08570738410620432,0.055735286864725044,0.009529969696996763,2.0
422,0.0690835717521819,0.08140156280985375,0.10015373450500717,0.0
423,0.04494027716335398,0.011120176503355408,0.09764354579477526,0.0
424,0.046004837940205004,0.034256563432047325,0.0168974946660387,0.0
425,0.06740958243474825,0.05634939232747072,0.022969333790796433,1.0
426,0.13893811763086217,-0.0635726073954739,0.1063900010130265,0.0
427,0.07185354647809855,0.07185354647809855,0.009517759108394273,2.0
428,-0.027266187460946445,0.38279624354974817,0.19262097101759407,0.0
429,0.06390507297372507,0.04531461768050022,0.011034468345666777,0.0
430,0.0747316738205461,0.06943430893171357,0.0008133687146274685,2.0
431,0.07119742209448665,0.07119742209448665,0.0008604881333172566,2.0
432,0.06713474762120919,0.06910263688529054,0.010288250436859584,0.0
433,0.08399169103925401,0.003029937272145726,0.108962815654043,0.0
434,0.07337242180539881,0.06825866598952839,0.002468645997441037,2.0
435,0.061088857118536476,0.04932784348128646,0.03626361541354798,2.0
436,0.07280171938925567,0.07570823069611106,0.00871221415408152,2.0
437,1.1605297208981407,-0.45274289326706796,1.3769074305462639,2.0
438,0.021733945338370596,-0.005123275048553269,0.09348468252615805,0.0
439,0.08598859322292224,0.016334782105100844,0.07253061158065545,2.0
440,0.0918629780146544,0.07202203044243864,0.008689334218884535,0.0
441,0.08316047942752806,0.06276666783939615,0.0019815533373501296,2.0
442,0.08590248936098466,0.05823638262941488,0.014620867344677857,0.0
443,1.4093126499430242,-0.7191508434068428,1.7981226629573333,2.0
444,0.09348433817335704,0.023330833906125045,0.11450725409772411,0.0
445,0.0739345482437111,0.060076905730544784,0.012559833645882583,2.0
446,0.06842162086329172,0.059786944740007945,0.028586894807631727,2.0
447,0.06771404241382831,0.04797077123056171,0.05648257714936866,1.0
448,0.04226441697408559,0.42449006848236176,0.2165288375750305,2.0
449,-1.0668446838968633,-1.9123171176955904,2.701898274755276,2.0
450,0.004618327777666303,0.030914737709438346,0.18947074451657858,2.0
451,0.08998110484164945,0.07829855483981268,0.00248831694007807,2.0
452,0.06761818497424538,0.07114425634226786,0.0008123345038927831,2.0
453,0.08805897061277031,0.05954581632401316,0.0302667678633446,0.0
454,0.08669706689777046,0.06518500207002793,0.004317003926847836,2.0
455,0.2479943652788795,-0.0539394338899576,0.1535175935584594,0.0
456,0.11437860039024389,-0.012190377439018948,0.16151669996288964,0.0
457,0.08240267537966649,0.07031899433051808,0.0025997197857573805,2.0
458,0.08919235858785067,0.0832608914711368,0.021061041780445152,0.0
459,0.08615650986356578,0.05613237090685733,0.010405528733967875,2.0
460,0.10942593150523772,0.09167622353828529,0.11919475779009855,2.0
461,0.1517079277228879,0.08138334062545463,0.0631476745020923,0.0
462,0.07121910052536037,0.04752676802988941,0.03683010300128215,2.0
463,0.027060854300352037,0.06319716211082883,0.06109022540682795,2.0
464,0.07104375555077003,0.05529748620644645,0.006123347697908379,2.0
465,1.3606334029415716,-1.3103456656581054,3.0851865524725324,2.0
466,0.08566915361982133,0.06020888662557901,0.02372339994662923,2.0
467,0.07462362753213538,0.07082790153900438,0.004210910831981997,2.0
468,0.06252869655154825,0.04454139921518462,0.03335764715510898,2.0
469,0.07178996954663219,0.07,1.4989724041661926e-17,2.0
470,0.04606627245765979,0.16662907488698198,0.22689985266889276,1.0
471,0.08202088069896629,0.02487305069875429,0.15950239416870324,2.0
472,0.08162165011855822,0.06766397667253017,0.006606891531069466,2.0
473,0.07362649771831221,0.05797098617626158,0.016288211887501715,2.0
474,0.0863243034609206,0.07881457547813042,3.955833340918213e-05,2.0
475,0.08894946332450837,0.054808832349788186,0.00942814961393706,0.0
476,0.10850907356050449,0.06976037177524945,0.013966714089997402,0.0
477,0.06101953287205222,0.022428542196056663,0.11862973915702892,0.0
478,0.11665334823521953,0.019069167813379112,0.12850621190011985,0.0
479,0.06114419019364867,0.055400228375026506,0.01935149423999178,0.0
480,0.08130276761361206,0.07957381288411366,0.0037972527120566386,0.0
481,0.0741677936636108,0.0650527113774494,0.0010900939458069817,0.0
482,0.07058744382591463,0.07058744382591463,0.0008397844530670148,2.0
483,-0.009919515594096817,0.07721819131426863,0.11264125606631102,0.0
484,0.07677325890084104,0.07305022040398942,0.013250353227005558,0.0
485,0.151741728074835,-0.14545064571200442,0.13341099902742978,0.0
486,0.09033251887466216,0.1385041481159726,0.0845940835654827,2.0
487,0.4064677579641632,0.11261281979656851,0.21256083871923118,0.0
488,0.06454016832220028,0.002456248968068695,0.06402905735970163,2.0
489,0.07345148745734176,0.06158742009527229,0.011551928248717102,0.0
490,0.018657646978066492,0.04965072588499175,0.18100420640997358,0.0
491,0.07463557569339686,0.049145236459230794,0.00457357899258456,0.0
492,0.07526407644214264,0.05121156619927279,0.00797954756530161,0.0
493,0.09370290277453173,-0.003631675332307252,0.13180023338726377,0.0
494,0.13713930953681905,-0.0025818574099327196,0.11660125159093389,0.0
495,0.07052722718572388,0.06864581255101308,0.003390607488391026,2.0
496,0.07091466255155847,0.07674470992410118,0.013518417907419896,0.0
497,0.07793765854970292,0.07018501857575137,0.006897960647654528,2.0
498,0.12617219684444791,0.12113383846488358,0.24605181140838722,2.0
499,0.07119742209448665,0.07119742209448665,0.0008604881333172566,2.0
500,0.08255084505299465,0.10227034993786732,0.008629209751728928,1.0
501,0.06897450389620566,0.07467292669772703,0.004307231894486313,2.0
502,0.07358263718328013,0.07,8.958073510310954e-18,2.0
503,-0.22612922135295543,0.6465438556309113,0.7297298914420377,2.0
504,-1.75180583637807,1.4101559035473632,2.5511324684221472,2.0
505,-0.003911504686523302,0.04703563693542895,0.16136195107988666,0.0
506,0.06382112228509156,0.045463811644022245,0.032916351588648876,2.0
507,0.12422073373951135,0.16693532054723334,0.07093933842353256,0.0
508,0.0007806760248770736,0.053942388089739356,0.1433015907368441,0.0
509,0.09056433516838226,0.08660339049031746,0.0004404972547045357,0.0
510,0.06871995103011773,0.06292938504306939,0.017621690883738526,2.0
511,0.07290156213715654,0.050669322412558664,0.009161100346325375,2.0
512,0.0693817189374028,0.0693817189374028,0.0016833211797385764,2.0
513,0.1019167689732739,0.08904708812551074,0.08608661854496129,0.0
514,0.07174262548765578,0.06988185355210097,0.0025388091844125017,2.0
515,0.0652793358646813,0.07183020912911636,0.0041530299120069725,0.0
516,0.06999999999999999,0.06821003024976986,8.958073510310954e-18,2.0
517,0.07142086314532681,0.05990887642324446,0.004405795217733381,2.0
518,0.05898380079137006,0.031453402689038956,0.011160770524797116,2.0
519,0.03248057325446792,0.04001475973362669,0.049836668905528125,2.0
520,0.07473167369244868,0.06943430899545391,0.0008133686228789665,2.0
521,0.6504092958727009,-0.5737836250375883,1.4167805851874622,2.0
522,0.07532279825162198,0.059460042147087694,0.011872010405000518,1.0
523,-1.0769519180061162,1.4579298109357288,2.891055502197255,2.0
524,0.08615705907770405,0.055093867077190786,0.0011200015572703898,0.0
525,0.07239243300327386,0.06693815243436493,0.0009311840851823418,2.0
526,0.06552800202752293,0.03015099768385419,0.1117518472110227,0.0
527,0.06804976784598092,0.025969702944355258,0.04630251959333948,2.0
528,0.03791978877199853,0.38882333751535364,0.20440517105525075,0.0
529,0.0821074375692176,0.06910065149686388,0.0018344241727672578,2.0
530,0.07174262548765578,0.06988185355210097,0.0025388091844125017,2.0
531,0.06932368247338731,0.06742249032036236,0.004207547260931086,2.0
532,0.09429025797086418,0.06035650443883082,0.013550167725743766,0.0
533,0.08131282049268942,0.066047872098491,0.0029055856972014654,0.0
534,0.07039746119303271,0.05676778332792207,0.005150983476432113,2.0
535,0.08437610738444551,0.0693478627961794,0.004180721056584415,2.0
536,0.09402706236850626,0.0763023573103777,0.0027115511554513657,2.0
537,0.09528504158643984,-0.005352622084683983,0.1319843939048137,2.0
538,0.07178996975023015,0.07,1.962615573354719e-17,2.0
539,0.09969888754472633,-0.0054704559025296196,0.04384918510288229,2.0
540,0.08213258216249478,0.054051349847801605,0.012620215097730697,2.0
541,0.08312157584092612,0.08275723788079098,0.0450741409032986,0.0
542,-0.027120061721664257,0.10902653670001708,0.163229088854766,0.0
543,0.08552949746106409,0.08377479904727662,0.0050253578645275175,2.0
544,0.07229517848232453,0.06882722508852862,0.0016574524931165333,2.0
545,0.06939692544986824,0.06939692544986824,0.007683750254149244,2.0
546,0.08358278218879303,0.07169664661451114,0.0036749097604942683,0.0
547,0.03192458640418521,0.15097101196367435,0.2123497438167824,0.0
548,0.08031978616792823,0.0732111712121224,0.0012360048836796656,0.0
549,0.07896262425170159,0.16539051100880148,0.2220771855845259,0.0
550,0.08217568712741138,0.07326090616924473,0.001313910528606992,1.0
551,0.03646955274009317,0.060422473242333706,0.04743635402321239,1.0
552,0.07473167369244868,0.06943430899545391,0.0008133686228789665,2.0
553,0.07298315072705766,0.06930310693381296,0.0017147251994950126,0.0
554,0.0541051296133836,0.07612872805819804,0.009675759050506287,2.0
555,0.037946769105120765,0.1530064171217629,0.14962103234732704,2.0
556,0.06248081611179883,0.05153450108600645,0.03346461116987672,2.0
557,-0.7837311678553212,1.4129495620816979,1.8514941668636324,2.0
558,0.06116955056876716,0.06316865592798586,0.010337910595283774,2.0
559,0.07039354438746805,0.07235082459887804,0.010449705295330139,1.0
560,0.0627429254174037,0.06104468070757312,0.029627141925816555,2.0
561,0.09826594208068964,0.05628468484709427,0.07586172759195844,2.0
562,0.08305494464946116,0.05500816011754997,0.010908169948730664,2.0
563,0.07117054129898973,0.06940825088442834,0.0008356623327623519,2.0
564,0.06649907622557583,-0.010991067968529444,0.06986883797271738,1.0
565,0.05247068737495415,0.11789086264948545,0.128353925357105,0.0
566,0.08382147319030664,0.07220141599664791,0.025305324123301495,0.0
567,0.03833902767145306,0.036163628817589964,0.004199365787786819,2.0
568,0.07776257363189162,0.05799751235945185,0.014177320994864046,2.0
569,0.08580917979723668,0.06659211575407882,0.0019541029541524455,2.0
570,0.07178996975023015,0.07,1.962615573354719e-17,2.0
571,0.07292861310594893,0.08033107179107934,0.0013474862837516786,0.0
572,0.07026102342531133,0.04504981126343806,0.05379257256922327,2.0
573,0.09467306806557536,0.01541834790380607,0.09647966452892212,0.0
574,0.04959678075159568,0.014258199848686079,0.03217483015163903,0.0
575,0.05898484862080965,0.0077442250856602,0.1799562751281994,0.0
576,0.07178996975023015,0.07,1.962615573354719e-17,2.0
577,0.0711560739230407,0.0711560739230407,0.0016735901361899876,2.0
578,0.07441077229134392,0.0801255720021152,0.0037816179406073985,2.0
579,0.06497855499839264,-0.009906275878549559,0.09939654091438713,0.0
580,0.08337512885742791,0.05558632455602762,0.008286967900890221,0.0
581,0.07965294452789383,0.06469489181278422,0.02068914018752185,1.0
582,0.06891335993507636,0.05641526415748729,0.025666761489357114,2.0
583,0.06807213204511306,0.06613702375278796,0.01678446740576316,0.0
584,0.036920646142422915,0.02726860356105998,0.14311084847830796,2.0
585,0.08096754855448332,0.06224472936743006,0.006052076471876029,2.0
586,0.07422615561395723,0.07422615561395723,0.0006354421378081481,0.0
587,-0.03273377958095852,0.047583528350345405,0.06725596499042319,2.0
588,0.07450208341757153,0.06074673319727672,0.014492786586974294,0.0
589,0.11786120638924967,0.10275885302080721,0.06383077258828677,0.0
590,0.06947441577097364,0.053691193771993766,0.01631142444459557,0.0
591,0.038201142433733154,0.10442825476747415,0.14749176158664576,0.0
592,0.06805686813717426,0.07178121511524593,0.00257633208973555,2.0
593,0.08214944471123115,0.06649217898051388,0.008340942242176358,2.0
594,0.06999999999999999,0.06999999999999999,1.962615573354719e-17,2.0
595,0.07920980944761825,0.06146153361134007,0.009548313363036909,2.0
596,0.07142889853381859,0.054608590100967885,0.030215647187156167,2.0
597,-0.058904429505938716,0.37876509491474036,0.1641923417274535,2.0
598,0.06228898892387273,0.05429996290093929,0.03278718037954447,2.0
599,0.07381894128094027,0.05827948696170462,0.005626085124236871,2.0
600,0.10316005431900126,-0.0033548473805682377,0.08070967312766324,0.0
601,0.1337598466617235,0.00774930212811507,0.04722621461554471,2.0
602,4.6694255923619625,-0.3455521404889357,1.6992120754137423,2.0
603,0.11569409590730091,-0.027055556707676495,0.06573293605087818,0.0
604,0.15204011422722488,0.008795756151381496,0.054157184706982504,0.0
605,0.06004020932710259,0.03336101725569887,0.08408489060214683,0.0
606,0.03994936479059478,0.10154870731569435,0.10594487669190063,2.0
607,0.05492383748301404,0.04626632557546619,0.02384815592333646,0.0
608,0.07236601364232506,0.06251670754621323,0.013249565826675885,2.0
609,0.07358263718328013,0.07,8.958073510310954e-18,2.0
610,0.02961001968742956,0.04318604082204988,0.04094212648106186,2.0
611,0.485256607080792,-0.13798602017398723,0.000445760550285086,0.0
612,0.09640864906564893,0.06938033084161953,0.010037581640012196,0.0
613,0.08130389047503575,0.07467788454136531,0.00484865307370008,1.0
614,0.026412231957528814,-0.03216008266647771,0.11478190208978928,0.0
615,0.12674302903467727,0.07439517584461779,0.0034559790756714236,0.0
616,0.07506323255446336,0.07315119852718417,0.004951155745561795,1.0
617,0.08919548803337901,0.07346253855764787,0.0064000146927742935,2.0
618,-0.015701202620700738,0.10467135191183398,0.1475033746647839,0.0
619,0.09439259109178866,0.07303394795622674,0.015774946232479603,0.0
620,0.0838012324247508,0.058034601025922304,0.008832609901734092,2.0
621,0.07807521624878876,0.05988636671247278,0.007032878131651644,0.0
622,0.0763036169503135,0.06664422209724898,0.004877152280824859,2.0
623,0.0874548760975514,0.06702754023813269,0.013482434578688439,0.0
624,0.12459657352408914,0.04322898025426509,0.07949847911375513,0.0
625,0.07961128642173164,0.06635110569469045,0.0038253518519301803,2.0
626,0.08232640602966003,0.07097087310332736,0.04066941682588545,0.0
627,0.06975171441774386,0.06390668441638558,0.015836152117781978,2.0
628,0.09423754160883802,0.0730844178819679,0.017214260408181553,0.0
629,0.07458138732605407,0.0649187416440586,0.016470723973512957,0.0
630,0.17611044383787594,-0.03141561224534484,0.16113707045619594,0.0
631,0.08305494464946116,0.05500816011754997,0.010908169948730664,2.0
632,0.06884123005597909,0.04411393302597071,0.012403769647521644,2.0
633,0.07675190371846242,-0.007720153127498883,0.056263350220527836,0.0
634,0.07145610416536378,0.06559552289232763,0.007751034070911322,1.0
635,0.062451703545261875,0.052871861460187845,0.032469951657697484,0.0
636,0.06752684918655183,0.07120819784847776,0.0017239803280442872,2.0
637,0.07798840440362231,0.049708967265249114,0.013875758540649053,0.0
638,0.09377004270619181,0.0746221970082897,0.011017073966677185,0.0
639,0.08714733086606771,0.05294108320664355,0.009480396658033224,2.0
640,0.0695059207233916,0.06362787607286381,0.014826530178199609,2.0
641,0.06907595361076595,0.05291997528346848,0.010868666595858778,2.0
642,0.07651555410873918,0.08149151633622026,0.005097153857466331,2.0
643,0.015924838326104016,0.06817399458599528,0.07742166234794562,0.0
644,0.06553459523903454,0.05143585347418933,0.006673565687506644,0.0
645,0.07968647851294275,0.06451479841669208,0.0313616531706186,2.0
646,0.07358263718328013,0.06999999999999999,1.2018516789897274e-17,2.0
647,0.06060520507187078,0.034876356016841345,0.028071640860919123,0.0
648,0.10790598817277454,0.052262261058969625,0.14240116418209314,2.0
649,0.08457281430134397,0.055555465695376484,0.005092152235530807,2.0
650,0.08489696439873667,0.06934105907606979,0.00621956983288559,0.0
651,0.07107947617461206,0.07107947617461206,0.007712262259064248,2.0
652,0.08720041948836879,0.07377882952433192,0.016354665825792918,2.0
653,0.08558888185393246,0.06756929081358722,0.00041370050326500213,2.0
654,0.07178996975023014,0.07,8.958073510310954e-18,2.0
655,0.07353408217828514,0.07182949466949884,0.0026080629494746317,0.0
656,0.08819732007916414,0.09658088100545226,0.06515560624476896,1.0
657,0.08876079779462712,0.044622897231534446,0.0011657943167977737,2.0
658,0.06920011546013942,0.06127817949221472,0.009282330013552541,2.0
659,0.03941441293447634,0.02624124244687452,0.16497302720741433,0.0
660,0.07536873679025392,0.06977918310960562,0.0025573475693297237,2.0
661,0.048488676020769235,0.034592516585842455,0.011782089438701996,0.0
662,0.06840753110117707,0.06351458269148558,0.02535034739615854,0.0
663,0.12218397282984489,0.13865697055897316,0.17227979488191422,1.0
664,0.08687681578964208,0.05217611356741654,0.004484927774831838,2.0
665,0.07360918951756847,0.07181793824304626,7.728221416713095e-05,2.0
666,-0.040944580337748705,0.021585886555392574,0.014405616371229972,0.0
667,0.08491183039560463,0.0727593815796047,0.008227218481138106,0.0
668,0.07914902537237549,0.06333390132817003,0.0009916111870883332,2.0
669,0.04247846224532256,0.030268140590354205,0.047691407768517505,0.0
670,0.07175998209297865,0.07175998209297865,0.0025686553321775654,0.0
671,0.0797599660676195,0.06679916359467017,0.004784538275169427,0.0
672,0.050820860282742554,0.05531168302533851,0.07527973880360175,0.0
673,0.032976366481742916,0.12338296550973071,0.1517295661954602,0.0
674,0.13198970157547685,0.07689895204948911,0.04580114356918102,0.0
675,0.04806142918733906,0.07557331319283885,0.1264607071094596,0.0
676,0.06916769109547435,0.060484414349143076,0.04572456632765706,0.0
677,0.08126486920658788,0.07609016977947623,0.012879989909098227,0.0
678,0.058966218467904605,0.047319636007251184,0.01772244621368981,0.0
679,0.08500584312866165,0.08230651670405266,0.013197425648676315,2.0
680,0.10213322820406891,0.061870067112216126,0.06830839616877048,0.0
681,0.08496329157080154,0.09488215748726277,0.03518923328466787,0.0
682,0.11403478525013291,0.07972805483206358,0.12671293029789832,0.0
683,0.040796995484253126,0.04354402719362542,0.12428684776554877,0.0
684,0.10513649193521898,0.10513649193521898,0.12408458984606455,2.0
685,0.092676261723336,0.05457710952926118,0.07756347408344522,0.0
686,0.1096124137384995,0.12929650137150442,0.24652850509796556,0.0
687,0.05470829679555864,0.029037807999991345,0.08886334610606487,0.0
688,0.15374467815712134,0.027961840644496184,0.05176598876120643,0.0
689,0.224764797697221,0.03647916312928648,0.1891610365612961,0.0
690,0.028601734406792548,0.2678510596933425,0.19640097203610557,0.0
691,0.13937830901863552,0.01138999413261706,0.038861358914341455,2.0
692,0.13045589536077512,0.08001741919368494,0.055650839180068946,0.0
693,0.05779037360554408,0.04218170878731026,0.016746034783812706,2.0
694,0.03668233981228321,0.03868038363821424,0.007819003449279412,0.0
695,0.055898025380387545,0.051807182564762216,0.011472043900984113,1.0
696,0.06875789818359888,0.07239070347749564,0.0008793524713111888,2.0
697,0.1022202146785022,0.04699794704857048,0.13531804715669188,2.0
698,0.06290701118651688,0.08246098645683164,0.014525698422783414,0.0
699,0.09306339417256874,0.09603515287341276,0.01579451254582204,0.0
700,0.05367609333059497,0.049732149476501314,0.015845236680790315,2.0
701,0.08870919380576574,0.07365560521198503,0.019409023044879528,2.0
702,0.14534967765059023,0.09269252135357774,0.04947493589132792,0.0
703,0.05533470329618714,0.40590427419518943,0.2332016705876933,0.0
704,0.06348463621180762,0.045125379633017666,0.01347549568191042,0.0
705,0.05432848978912365,0.05164712075272671,0.06646354276698743,0.0
706,0.02903272167453427,0.03416827653671343,0.15827524015380628,0.0
707,0.0758582570744815,0.051542087813462666,0.005061148563095163,2.0
708,0.08357212293783811,0.08357212293783811,0.004680811187143737,2.0
709,0.07769230868627801,0.08222743915069416,0.008719328202573855,2.0
710,0.07182058239437492,0.06622697503481735,0.00261673931258327,2.0
711,0.05691821406536267,0.047683710366428364,0.02088142206001792,0.0
712,0.07174524788389526,0.06275214209477269,0.00014915706949817305,1.0
713,0.07117054103800309,0.06940825101782509,0.0008356621444483057,2.0
714,0.08776485237730605,0.056136390991738595,0.007224130362474983,2.0
715,0.04438137049415437,0.050638014101479896,0.009780009137724357,2.0
716,0.06903887339957579,0.1862497645258635,0.18906964018626649,2.0
717,0.07043637244275856,0.033341410338432576,0.018954037043972107,2.0
718,0.08402424601039424,0.06559774716422703,0.003604893778490751,2.0
719,0.03518327396506431,0.03687485103246278,0.020264761293786307,0.0
720,0.0339748061295434,0.01123682575502205,0.02783124692293695,2.0
721,0.10556628106170261,0.004775733108217495,0.014667971045486818,0.0
722,0.08211111140116993,0.06037026481596992,0.012782893160965201,0.0
723,0.039581813609941896,0.03802902205875051,0.10978377417511095,0.0
724,0.0811228887438608,0.0670762152822837,0.0013232204545184,2.0
725,0.07464825239188413,0.09235988007595877,0.004149236926572912,0.0
726,0.07070909993174779,0.0620687983982494,0.04865647417192762,0.0
727,0.12359207965034616,0.11779141437581687,0.26772269145091876,0.0
728,0.03389486722265052,0.28317268002395835,0.2936209618547502,0.0
729,0.09943316940270136,0.0733323236734427,0.0028147964105964397,2.0
730,0.06489095938794968,0.052253581092835906,0.03349733752978906,2.0
731,0.13563609355854536,0.14730529617250152,0.06316282410922315,0.0
732,0.13290674960721258,0.071357768444817,0.06331529990019245,0.0
733,0.07772775749379897,0.07024957228631713,0.02242206855336573,0.0
734,0.07465435402889914,0.07465435402889914,0.09624273404423798,2.0
735,0.0687547235679571,0.3311875452340354,0.224854783155299,0.0
736,0.10119190885607422,0.06828973195965744,0.002975975402484854,0.0
737,0.11504138302825077,-0.01331578059132095,0.1619919986984586,2.0
738,0.06409635752350615,0.03031230130245952,0.02330158878915594,0.0
739,0.09564240576380074,0.05734292142626388,0.008083618891184582,0.0
740,0.054053417623965455,0.03715527889085091,0.06974815250255856,0.0
741,0.06881146067189933,0.06881146067189933,0.0008269489270782697,2.0
742,0.0857073840971087,0.05573528710127046,0.00952996965263484,2.0
743,0.1017258964654992,0.07341755709142843,0.002910066112625886,2.0
744,0.16157071467709433,0.07971463565067,0.09828259743005545,0.0
745,0.04661383619891361,0.07694141807108053,0.0019064500292932576,0.0
746,0.08058368236276528,0.07026409913948027,0.002580430504283446,0.0
747,0.07871513210058892,0.07679744998879177,0.004503377152678936,2.0
748,0.044727022093339425,0.14244673768722377,0.21584474643623627,0.0
749,0.045560507487352644,0.05523370685374448,0.038645582520813127,0.0
750,0.0756591379445358,0.050516459788746235,0.003883264905210847,0.0
751,0.07282813176231924,0.0514668698271403,0.004040578008972402,0.0
752,0.06020722041250184,0.05412372979176866,0.011778732595933969,0.0
